85123A,41956,0.7463882731152033
71053,14,0.00024905700790382414
84406B,2016,0.03586420913815067
84029G,8,0.00014231829023075667
84029E,4,7.115914511537833e-05
22752,6,0.00010673871767306749
21730,2,3.5579572557689166e-05
22633,12,0.00021347743534613499
84879,36461,0.6486333975129522
22745,3,5.3369358836533746e-05
22749,1,1.7789786278844583e-05
22310,1,1.7789786278844583e-05
84969,559,0.00994449052987412
22623,1,1.7789786278844583e-05
21754,89,0.001583290978817168
21777,2,3.5579572557689166e-05
48187,3724,0.06624916410241721
22960,19,0.00033800593929804706
22913,2,3.5579572557689166e-05
22728,20,0.00035579572557689165
21724,29,0.0005159038020864929
21883,4,7.115914511537833e-05
10002,860,0.015299216199806343
21791,24,0.00042695487069226997
21035,1,1.7789786278844583e-05
22326,45,0.0008005403825480062
22659,1,1.7789786278844583e-05
22631,12,0.00021347743534613499
22661,10,0.00017789786278844583
21731,33,0.0005870629472018713
22900,3,5.3369358836533746e-05
21913,1,1.7789786278844583e-05
22540,288,0.00512345844830724
22492,37,0.0006582220923172495
POST,3150,0.05603782677836044
22086,13041,0.2319966028624122
22632,55,0.000978438245336452
20679,10,0.00017789786278844583
37370,2571,0.04573754052290942
21871,98,0.001743399055326769
21071,786,0.013982772015171842
21068,1,1.7789786278844583e-05
82483,19579,0.34830622555349805
82494L,7013,0.12475977117353705
21258,3,5.3369358836533746e-05
22114,32,0.0005692731609230267
22386,35,0.0006226425197595604
85099C,79722,1.4182373417220477
21033,37,0.0006582220923172495
20723,81113,1.4429829344359206
84997B,16749,0.2979611303843679
21094,9,0.00016010807650960126
21559,7,0.00012452850395191207
22352,6,0.00010673871767306749
21212,55,0.000978438245336452
21975,45137,0.8029775832682079
84991,31576,0.5617302915407965
84519A,984,0.017505149698383068
85183B,1663,0.029584414581718538
85071B,24,0.00042695487069226997
21931,35320,0.6283352513687906
21929,18,0.0003202161530192025
22139,44,0.0007827505962691617
84854,5,8.894893139422291e-05
22411,12,0.00021347743534613499
82567,713,0.012684117616816187
21672,20,0.00035579572557689165
22774,4,7.115914511537833e-05
71270,14,0.00024905700790382414
22262,18,0.0003202161530192025
22637,1,1.7789786278844583e-05
21169,81,0.0014409726885864112
21175,18916,0.33651159725062413
37444A,82,0.0014587624748652558
84971S,1788,0.03180813786657411
47580,103,0.001832347986720992
84832,8879,0.15795551236986105
22644,226,0.004020491699018875
21533,15,0.00026684679418266874
21557,1,1.7789786278844583e-05
15056BL,2844,0.050594152177033995
15056N,4892,0.08702763447610769
22176,1,1.7789786278844583e-05
22438,2,3.5579572557689166e-05
22778,4,7.115914511537833e-05
22719,1,1.7789786278844583e-05
21523,11,0.00019568764906729042
21832,5,8.894893139422291e-05
22379,13074,0.23258366580961404
22798,39,0.0006938016648749387
22926,8,0.00014231829023075667
22839,1,1.7789786278844583e-05
22783,200,0.0035579572557689165
84755,17007,0.3025508952443098
22464,73,0.0012986543983556545
21324,2,3.5579572557689166e-05
22457,28,0.0004981140158076483
22470,1,1.7789786278844583e-05
22224,14,0.00024905700790382414
21340,109,0.0019390867043940594
22189,8,0.00014231829023075667
22427,12,0.00021347743534613499
85049A,6245,0.1110972153113844
22168,19,0.00033800593929804706
84880,364,0.006475482205499428
79321,6129,0.10903360010303845
22780,4,7.115914511537833e-05
22779,6,0.00010673871767306749
22466,12,0.00021347743534613499
21363,2,3.5579572557689166e-05
21411,6,0.00010673871767306749
22318,1,1.7789786278844583e-05
22915,24,0.00042695487069226997
22922,12,0.00021347743534613499
21115,25,0.00044474465697111456
22242,34,0.0006048527334807158
22941,173,0.0030776330262401123
21622,2,3.5579572557689166e-05
35004C,1099,0.019550975120450197
85014B,3122,0.05553971276255279
22193,1,1.7789786278844583e-05
22195,5,8.894893139422291e-05
22968,1,1.7789786278844583e-05
84970S,15409,0.27412281677071615
22910,17,0.0003024263667403579
20668,24,0.00042695487069226997
22197,28,0.0004981140158076483
21080,16378,0.29136111967491657
21786,31,0.0005514833746441821
22654,2,3.5579572557689166e-05
21485,8834,0.15715497198731304
84030E,1614,0.028712715054055156
22174,3,5.3369358836533746e-05
22969,15,0.00026684679418266874
22150,2,3.5579572557689166e-05
22619,94,0.0016722399102113907
21891,6,0.00010673871767306749
21889,15,0.00026684679418266874
22827,1,1.7789786278844583e-05
22127,6,0.00010673871767306749
22502,1,1.7789786278844583e-05
22338,12,0.00021347743534613499
22180,1,1.7789786278844583e-05
21506,206,0.003664695973441984
22866,1194,0.021241004816940433
22349,1,1.7789786278844583e-05
22558,15,0.00026684679418266874
85152,12311,0.21901005887885566
22188,668,0.01188357723426818
21314,167,0.002970894308567045
22730,4,7.115914511537833e-05
22803,1,1.7789786278844583e-05
21980,45271,0.8053614146295731
21844,19,0.00033800593929804706
22468,4,7.115914511537833e-05
21232,13,0.00023126722162497955
22064,5,8.894893139422291e-05
22449,2,3.5579572557689166e-05
22835,19,0.00033800593929804706
21479,31,0.0005514833746441821
22098,42,0.0007471710237114725
22100,1,1.7789786278844583e-05
22766,2,3.5579572557689166e-05
22451,4,7.115914511537833e-05
22549,24,0.00042695487069226997
84744,1,1.7789786278844583e-05
21328,9,0.00016010807650960126
17091A,2340,0.04162809989249632
22473,22,0.00039137529813458084
84509A,2006,0.03568631127536223
84510A,1463,0.026026457325949624
21463,2,3.5579572557689166e-05
20820,2,3.5579572557689166e-05
22117,3,5.3369358836533746e-05
48129,904,0.0160819667960755
82580,295,0.005247986952259152
82578,2060,0.03664695973441984
22413,4,7.115914511537833e-05
21907,74,0.001316444184634499
22441,32,0.0005692731609230267
21122,6,0.00010673871767306749
22851,1,1.7789786278844583e-05
22810,2,3.5579572557689166e-05
22809,7,0.00012452850395191207
22435,6,0.00010673871767306749
20966,3,5.3369358836533746e-05
22068,48,0.0008539097413845399
21743,4,7.115914511537833e-05
84709B,20,0.00035579572557689165
21592,3286,0.0584572377122833
21587,15,0.00026684679418266874
20992,54,0.0009606484590576074
22804,1,1.7789786278844583e-05
20749,172,0.003059843239961268
22467,1,1.7789786278844583e-05
84625C,927,0.016491131880488927
21108,45,0.0008005403825480062
22848,1,1.7789786278844583e-05
47570B,187,0.0033266900341439366
22297,9,0.00016010807650960126
22771,17,0.0003024263667403579
22805,1,1.7789786278844583e-05
22469,3,5.3369358836533746e-05
21061,24,0.00042695487069226997
84380,3459,0.06153487073852341
84378,10672,0.18985259916782937
22964,30,0.0005336935883653375
22417,3,5.3369358836533746e-05
20914,5950,0.10584922835912526
22537,3,5.3369358836533746e-05
20982,31,0.0005514833746441821
21915,1,1.7789786278844583e-05
21544,1585,0.02819681125196866
22813,16,0.00028463658046151333
22178,12,0.00021347743534613499
22465,25,0.00044474465697111456
84949,72,0.00128086461207681
20685,24,0.00042695487069226997
48194,3421,0.06085885885992731
22488,2,3.5579572557689166e-05
22219,26,0.0004625344432499591
22610,72,0.00128086461207681
22716,107,0.0019035071318363704
22706,50,0.0008894893139422291
22914,1,1.7789786278844583e-05
22553,19,0.00033800593929804706
16237,1,1.7789786278844583e-05
84347,9476,0.16857601477833126
22736,10,0.00017789786278844583
22620,5,8.894893139422291e-05
21705,289,0.005141248234586084
90199C,46,0.0008183301688268508
22975,4,7.115914511537833e-05
22568,12,0.00021347743534613499
85116,2300,0.040916508441342536
21609,764,0.013591396717037262
21866,23,0.0004091650844134254
20669,3,5.3369358836533746e-05
90129F,233,0.004145020202970788
90210B,281,0.0049989299443553275
21955,1230,0.021881437122978836
72802C,984,0.017505149698383068
22109,16,0.00028463658046151333
21811,26,0.0004625344432499591
22183,1,1.7789786278844583e-05
21678,18,0.0003202161530192025
85169B,1921,0.034174179441660436
84906,99,0.0017611888416056137
22075,319,0.005674941822951422
21326,144,0.00256172922415362
21065,10,0.00017789786278844583
20713,49368,0.8782461690139994
21824,157,0.002792996445778599
22153,20,0.00035579572557689165
22630,1,1.7789786278844583e-05
22629,2,3.5579572557689166e-05
21245,73,0.0012986543983556545
22273,2,3.5579572557689166e-05
21880,3,5.3369358836533746e-05
21738,12,0.00021347743534613499
21448,10,0.00017789786278844583
22141,477,0.008485728055008865
22751,2,3.5579572557689166e-05
22570,40,0.0007115914511537833
21710,1,1.7789786278844583e-05
21708,9,0.00016010807650960126
22179,1,1.7789786278844583e-05
85184C,1658,0.029495465650324314
22988,1,1.7789786278844583e-05
20750,9,0.00016010807650960126
22952,1535,0.02730732193802643
35591T,5,8.894893139422291e-05
22186,9,0.00016010807650960126
22695,27,0.0004803242295288037
22580,9,0.00016010807650960126
22147,33,0.0005870629472018713
22961,12,0.00021347743534613499
22321,1,1.7789786278844583e-05
22594,38,0.0006760118785960941
22899,13,0.00023126722162497955
22367,17,0.0003024263667403579
22834,12,0.00021347743534613499
21916,24,0.00042695487069226997
22587,8,0.00014231829023075667
22472,601,0.010691661553585594
22529,29,0.0005159038020864929
84032B,1944,0.03458334452607387
22807,26,0.0004625344432499591
21494,19,0.00033800593929804706
22938,1,1.7789786278844583e-05
21718,1,1.7789786278844583e-05
21716,1,1.7789786278844583e-05
22357,2,3.5579572557689166e-05
22585,12,0.00021347743534613499
21556,1,1.7789786278844583e-05
22650,2,3.5579572557689166e-05
22508,4,7.115914511537833e-05
22511,39,0.0006938016648749387
22829,5,8.894893139422291e-05
21154,13043,0.2320321824349699
17021,2427,0.0431758112987558
22059,81,0.0014409726885864112
84678,7,0.00012452850395191207
85172,34,0.0006048527334807158
22142,14,0.00024905700790382414
22480,1,1.7789786278844583e-05
10133,5098,0.09069233044954968
72800E,905,0.01609975658235435
20774,5,8.894893139422291e-05
16016,120,0.00213477435346135
21651,100,0.0017789786278844583
22152,48,0.0008539097413845399
22670,11537,0.20524076429902996
84849B,940,0.016722399102113907
22927,2,3.5579572557689166e-05
82552,5934,0.10556459177866376
90200B,500,0.00889489313942229
90059B,147,0.0026150985829901537
90185C,115,0.0020458254220671267
21260,1,1.7789786278844583e-05
22744,1,1.7789786278844583e-05
16258A,472,0.008396779123614643
21992,6183,0.10999424856209605
21815,2,3.5579572557689166e-05
10125,20,0.00035579572557689165
22573,157,0.002792996445778599
22603,28,0.0004981140158076483
20878,25,0.00044474465697111456
20866,2,3.5579572557689166e-05
85095,1,1.7789786278844583e-05
22333,20,0.00035579572557689165
22759,17,0.0003024263667403579
85231B,99,0.0017611888416056137
22500,4,7.115914511537833e-05
21329,2,3.5579572557689166e-05
48173C,1817,0.032324041668660604
72818,108,0.0019212969181152148
22312,1,1.7789786278844583e-05
21137,201,0.0035757470420477605
22041,2,3.5579572557689166e-05
20979,3,5.3369358836533746e-05
22423,18,0.0003202161530192025
47563A,286,0.005087878875749551
84558A,341,0.006066317121086002
21577,1756,0.031238864705651084
22651,19,0.00033800593929804706
21370,11,0.00019568764906729042
21367,166,0.0029531045222882008
21895,1,1.7789786278844583e-05
21190,3,5.3369358836533746e-05
70007,3548,0.06311816171734058
22149,34,0.0006048527334807158
46000M,990,0.017611888416056137
22983,2,3.5579572557689166e-05
22024,417,0.0074183408782781905
22895,1,1.7789786278844583e-05
22784,3,5.3369358836533746e-05
21441,48,0.0008539097413845399
22485,12,0.00021347743534613499
21794,10,0.00017789786278844583
20707,1,1.7789786278844583e-05
22588,1,1.7789786278844583e-05
21292,96,0.0017078194827690799
21890,26,0.0004625344432499591
22760,54,0.0009606484590576074
22151,24,0.00042695487069226997
22643,6,0.00010673871767306749
22604,2,3.5579572557689166e-05
22906,1,1.7789786278844583e-05
22754,15,0.00026684679418266874
22812,4,7.115914511537833e-05
22919,8,0.00014231829023075667
22920,4,7.115914511537833e-05
21804,8661,0.15407733896107292
22582,1,1.7789786278844583e-05
22241,24,0.00042695487069226997
22904,3,5.3369358836533746e-05
21358,43,0.000764960809990317
21427,98,0.001743399055326769
21034,1,1.7789786278844583e-05
20772,1,1.7789786278844583e-05
71406C,138,0.002454990506480552
84985A,42,0.0007471710237114725
84596E,13108,0.23318851854309477
21111,24,0.00042695487069226997
22501,12,0.00021347743534613499
22854,7,0.00012452850395191207
47599A,3936,0.07002059879353227
20972,171,0.0030420534536824235
21041,346,0.0061552660524802245
21664,3,5.3369358836533746e-05
22776,2,3.5579572557689166e-05
21197,15,0.00026684679418266874
85035B,2055,0.03655801080302561
84968C,1071,0.01905286110464255
21098,39,0.0006938016648749387
84563A,194,0.0034512185380958485
47504H,2997,0.05331598947769721
22481,12,0.00021347743534613499
22699,36,0.000640432306038405
22227,10,0.00017789786278844583
21826,110,0.001956876490672904
22548,4,7.115914511537833e-05
17164B,29,0.0005159038020864929
22429,2,3.5579572557689166e-05
20974,5,8.894893139422291e-05
15044B,1744,0.03102538727030495
21135,8,0.00014231829023075667
22173,3,5.3369358836533746e-05
22626,1,1.7789786278844583e-05
47421,1854,0.032982263760977855
22973,15,0.00026684679418266874
84569B,849,0.015103528550739051
22815,31,0.0005514833746441821
85114B,1890,0.03362269606701626
21452,2,3.5579572557689166e-05
22445,2,3.5579572557689166e-05
22635,4,7.115914511537833e-05
22222,1,1.7789786278844583e-05
22947,1,1.7789786278844583e-05
22164,48,0.0008539097413845399
72598,607,0.010798400271258661
22487,1,1.7789786278844583e-05
22360,4,7.115914511537833e-05
22120,1,1.7789786278844583e-05
21038,1,1.7789786278844583e-05
22185,12,0.00021347743534613499
85104,1119,0.019906770846027086
21519,3617,0.06434565697058085
22819,3,5.3369358836533746e-05
21498,175,0.003113212598797802
22049,198,0.0035223776832112273
21333,8,0.00014231829023075667
22194,2,3.5579572557689166e-05
22688,6022,0.10713009297120207
22768,2,3.5579572557689166e-05
84692,3980,0.07080334938980143
22444,35,0.0006226425197595604
22547,22,0.00039137529813458084
22539,48,0.0008539097413845399
22534,1,1.7789786278844583e-05
22561,1,1.7789786278844583e-05
22489,5,8.894893139422291e-05
22814,68,0.0012097054669614317
21520,1,1.7789786278844583e-05
21967,5275,0.09384112262090517
22963,15,0.00026684679418266874
22966,2,3.5579572557689166e-05
84050,65,0.0011563361081248977
22198,2,3.5579572557689166e-05
22315,1,1.7789786278844583e-05
22667,48,0.0008539097413845399
22567,1,1.7789786278844583e-05
82600,6031,0.10729020104771167
22842,12,0.00021347743534613499
22740,89,0.001583290978817168
22825,1,1.7789786278844583e-05
22797,1,1.7789786278844583e-05
22118,30,0.0005336935883653375
22418,6,0.00010673871767306749
22311,148,0.002632888369268998
22277,8,0.00014231829023075667
21688,6,0.00010673871767306749
21694,12,0.00021347743534613499
22800,3,5.3369358836533746e-05
22781,1,1.7789786278844583e-05
21466,2,3.5579572557689166e-05
21471,2,3.5579572557689166e-05
37343,4186,0.07446804536324342
21143,461,0.008201091474547352
84944,1,1.7789786278844583e-05
22601,12,0.00021347743534613499
22574,1840,0.03273320675307403
85199L,3644,0.06482598120010966
72741,5978,0.10634734237493292
37495,440,0.007827505962691616
85067,22,0.00039137529813458084
48138,3762,0.06692517598101332
22554,48,0.0008539097413845399
85019A,61,0.0010851769630095195
20902,217,0.003860383622509274
85071C,2,3.5579572557689166e-05
22355,4,7.115914511537833e-05
21833,2,3.5579572557689166e-05
85135B,234,0.004162809989249632
85136A,126,0.002241513071134417
21055,1,1.7789786278844583e-05
22622,18,0.0003202161530192025
C2,142,0.0025261496515959305
21773,7,0.00012452850395191207
21821,114,0.0020280356357882823
21851,271,0.004821032081566882
21879,1,1.7789786278844583e-05
21884,24,0.00042695487069226997
21888,1,1.7789786278844583e-05
21894,2,3.5579572557689166e-05
21912,1,1.7789786278844583e-05
21914,48,0.0008539097413845399
21922,1,1.7789786278844583e-05
21928,140,0.0024905700790382418
21942,1,1.7789786278844583e-05
21949,1,1.7789786278844583e-05
22037,1118,0.01988898105974824
22090,14,0.00024905700790382414
22095,6,0.00010673871767306749
22135,6,0.00010673871767306749
22161,7,0.00012452850395191207
22169,1,1.7789786278844583e-05
22190,24,0.00042695487069226997
22203,17,0.0003024263667403579
22265,4,7.115914511537833e-05
22299,77,0.0013698135434710328
22300,3,5.3369358836533746e-05
22309,2,3.5579572557689166e-05
22335,101,0.0017967684141633026
22345,672,0.01195473637938356
22348,3,5.3369358836533746e-05
22380,25,0.00044474465697111456
22384,12,0.00021347743534613499
22394,12,0.00021347743534613499
22396,12,0.00021347743534613499
22422,1,1.7789786278844583e-05
22430,1,1.7789786278844583e-05
22437,1,1.7789786278844583e-05
22471,104,0.0018501377729998364
22477,9,0.00016010807650960126
22515,5,8.894893139422291e-05
22550,4,7.115914511537833e-05
22560,29,0.0005159038020864929
22569,16,0.00028463658046151333
22605,8,0.00014231829023075667
22625,2,3.5579572557689166e-05
22662,13,0.00023126722162497955
22669,6,0.00010673871767306749
22697,21,0.00037358551185573624
22734,12,0.00021347743534613499
22738,2,3.5579572557689166e-05
22769,1,1.7789786278844583e-05
22816,24,0.00042695487069226997
22822,1,1.7789786278844583e-05
22847,1,1.7789786278844583e-05
22862,4,7.115914511537833e-05
22865,246,0.004376287424595767
22876,690,0.012274952532402761
22909,46,0.0008183301688268508
22916,8,0.00014231829023075667
22928,1,1.7789786278844583e-05
22948,16,0.00028463658046151333
22949,1,1.7789786278844583e-05
35095A,1787,0.03179034808029527
35471D,1862,0.033124582051208606
35598D,373,0.006635590282009029
35599D,418,0.007436130664557034
35610A,59,0.0010495973904518304
35818P,297,0.005283566524816841
35957,3842,0.06834835888332087
35961,10,0.00017789786278844583
35971,5628,0.10012091717733732
37449,4201,0.0747348921574261
37476,35,0.0006226425197595604
47559B,2183,0.03883510344671772
47591B,3555,0.06324269022129249
47593B,1865,0.03317795141004514
71459,13605,0.24203004232368053
72586,693,0.012328321891239296
72799E,678,0.012061475097056627
72807A,1530,0.027218373006632213
79030D,168,0.00298868409484589
82613B,1846,0.0328399454707471
84031A,737,0.013111072487508459
84086C,238,0.00423396913436501
84279P,659,0.011723469157758579
85015,2745,0.04883296333542837
85017A,335,0.005959578403412935
85032D,2960,0.052657767385379965
85039A,1857,0.03303563311981439
85048,1284,0.02284208558203644
85127,358,0.00636874348782636
85129D,407,0.007240443015489745
85131B,2662,0.04735641107428428
85132A,2616,0.04653808090545743
85176,9,0.00016010807650960126
85186A,1143,0.020333725716719358
85232B,547,0.009731013094527986
90003C,100,0.0017789786278844583
90018A,80,0.0014231829023075666
90022,7,0.00012452850395191207
90071,6,0.00010673871767306749
90099,1,1.7789786278844583e-05
90116,31,0.0005514833746441821
90120C,107,0.0019035071318363704
90161A,247,0.004394077210874612
90190C,49,0.0008716995276633845
90194,84,0.001494342047422945
90209B,532,0.009464166300345318
90214D,1271,0.022610818360411466
DOT,708,0.012595168685421964
84534B,55,0.000978438245336452
84535B,1747,0.031078756629141484
84536A,5259,0.09355648604044366
84580,723,0.012862015479604631
84598,24,0.00042695487069226997
84912B,480,0.0085390974138454
84913A,469,0.008343409764778108
84923,9,0.00016010807650960126
84946,8434,0.1500390574757752
84988,10365,0.1843911347802241
20856,86,0.001529921619980634
21218,28,0.0004981140158076483
22845,2,3.5579572557689166e-05
11001,1615,0.028730504840334
17003,18326,0.3260156233461058
17011F,81,0.0014409726885864112
17012A,1886,0.03355153692190088
17129F,588,0.010460394331960615
18098C,273,0.004856611654124571
20622,186,0.0033089002478650926
20658,1360,0.02419410933922863
20662,7,0.00012452850395191207
20684,4,7.115914511537833e-05
20733,403,0.007169283870374367
20835,110,0.001956876490672904
20840,2,3.5579572557689166e-05
20956,720,0.012808646120768099
20969,1,1.7789786278844583e-05
20971,8,0.00014231829023075667
20973,9,0.00016010807650960126
21000,43,0.000764960809990317
21012,2,3.5579572557689166e-05
21189,3,5.3369358836533746e-05
21207,14,0.00024905700790382414
21210,58,0.0010318076041729858
21238,8,0.00014231829023075667
21262,12,0.00021347743534613499
21327,15,0.00026684679418266874
21349,3,5.3369358836533746e-05
21352,1,1.7789786278844583e-05
21354,24,0.00042695487069226997
21385,3,5.3369358836533746e-05
21407,57,0.0010140178178941412
21563,26,0.0004625344432499591
21634,48,0.0008539097413845399
21641,463,0.008236671047105041
21703,72,0.00128086461207681
21706,1,1.7789786278844583e-05
21758,1,1.7789786278844583e-05
79144B,334,0.00594178861713409
22551,74,0.001316444184634499
22663,14,0.00024905700790382414
22713,110,0.001956876490672904
20697,237,0.004216179348086166
22694,1,1.7789786278844583e-05
22731,69,0.001227495253240276
22953,1,1.7789786278844583e-05
84508A,1745,0.03104317705658379
21670,11,0.00019568764906729042
22785,36,0.000640432306038405
84685,26,0.0004625344432499591
22755,579,0.010300286255451013
20616,1010,0.01796768414163303
79066K,800,0.014231829023075666
22794,9,0.00016010807650960126
22592,3,5.3369358836533746e-05
84352,3,5.3369358836533746e-05
20963,3,5.3369358836533746e-05
22802,1,1.7789786278844583e-05
84884A,339,0.0060307375485283135
51014C,8673,0.15429081639641906
22366,2,3.5579572557689166e-05
48111,2668,0.04746314979195734
22652,3,5.3369358836533746e-05
22402,2,3.5579572557689166e-05
22274,22,0.00039137529813458084
22750,4,7.115914511537833e-05
79302M,370,0.006582220923172496
21231,7,0.00012452850395191207
22313,27,0.0004803242295288037
21181,102,0.0018145582004421472
21369,12,0.00021347743534613499
21668,16,0.00028463658046151333
21462,8,0.00014231829023075667
84870C,90,0.0016010807650960123
22119,4,7.115914511537833e-05
22765,1,1.7789786278844583e-05
21351,1,1.7789786278844583e-05
22130,47,0.0008361199551056953
22581,11,0.00019568764906729042
22639,2,3.5579572557689166e-05
22579,4558,0.0810858458589736
22640,5,8.894893139422291e-05
21014,6,0.00010673871767306749
22739,5,8.894893139422291e-05
22428,1,1.7789786278844583e-05
22946,2,3.5579572557689166e-05
22767,15,0.00026684679418266874
22660,10,0.00017789786278844583
21761,4,7.115914511537833e-05
21781,1,1.7789786278844583e-05
22113,3,5.3369358836533746e-05
84360,78,0.0013876033297498774
84760S,43,0.000764960809990317
22065,484,0.008610256558960777
22589,6,0.00010673871767306749
22593,5,8.894893139422291e-05
22855,31,0.0005514833746441821
85174,13,0.00023126722162497955
82615,36,0.000640432306038405
85038,686,0.012203793387287384
22646,36,0.000640432306038405
22421,4,7.115914511537833e-05
22666,184,0.003273320675307403
71477,6750,0.12008105738220093
21789,7571,0.13468647191713234
20978,22,0.00039137529813458084
20768,7,0.00012452850395191207
20780,58,0.0010318076041729858
21398,539,0.00958869480429723
22476,1,1.7789786278844583e-05
21620,17,0.0003024263667403579
22260,3,5.3369358836533746e-05
16168M,415,0.007382761305720502
17014A,155,0.0027574168732209105
17084N,6144,0.10930044689722111
20681,1,1.7789786278844583e-05
20700,3,5.3369358836533746e-05
20752,5,8.894893139422291e-05
20761,1,1.7789786278844583e-05
20846,24,0.00042695487069226997
20931,700,0.012452850395191208
21015,8,0.00014231829023075667
21110,1,1.7789786278844583e-05
21128,8,0.00014231829023075667
21188,43,0.000764960809990317
21208,15,0.00026684679418266874
21220,85,0.0015121318337017894
21272,1,1.7789786278844583e-05
21279,1,1.7789786278844583e-05
21281,9,0.00016010807650960126
21288,3,5.3369358836533746e-05
21356,25,0.00044474465697111456
21439,1,1.7789786278844583e-05
21447,71,0.0012630748257979653
21524,50,0.0008894893139422291
21547,2,3.5579572557689166e-05
21594,1,1.7789786278844583e-05
21698,24,0.00042695487069226997
21700,3,5.3369358836533746e-05
21830,1,1.7789786278844583e-05
21846,1,1.7789786278844583e-05
21868,2,3.5579572557689166e-05
21896,2,3.5579572557689166e-05
21899,24,0.00042695487069226997
21906,1,1.7789786278844583e-05
21908,36,0.000640432306038405
22091,4,7.115914511537833e-05
22124,1,1.7789786278844583e-05
22182,24,0.00042695487069226997
22208,28,0.0004981140158076483
22276,9,0.00016010807650960126
22283,1,1.7789786278844583e-05
22308,2,3.5579572557689166e-05
22317,2,3.5579572557689166e-05
22324,2,3.5579572557689166e-05
22325,5,8.894893139422291e-05
22331,8,0.00014231829023075667
22342,4,7.115914511537833e-05
22350,6,0.00010673871767306749
22364,5,8.894893139422291e-05
22393,73,0.0012986543983556545
22405,12,0.00021347743534613499
22419,33,0.0005870629472018713
22425,2,3.5579572557689166e-05
22458,128,0.0022770926436921067
22499,3,5.3369358836533746e-05
22503,1,1.7789786278844583e-05
22544,240,0.0042695487069227
22565,7,0.00012452850395191207
22571,543,0.009659853949412607
22586,2,3.5579572557689166e-05
22624,14,0.00024905700790382414
22668,5,8.894893139422291e-05
22692,3,5.3369358836533746e-05
22735,6,0.00010673871767306749
22741,4,7.115914511537833e-05
22742,1,1.7789786278844583e-05
22775,10,0.00017789786278844583
22791,12,0.00021347743534613499
22831,12,0.00021347743534613499
22841,1,1.7789786278844583e-05
22863,1,1.7789786278844583e-05
22890,1,1.7789786278844583e-05
22897,1,1.7789786278844583e-05
35637A,200,0.0035579572557689165
35916B,284,0.005052299303191861
35967,17,0.0003024263667403579
37450,717,0.012755276761931564
37491A,22,0.00039137529813458084
46775D,60,0.001067387176730675
46776B,813,0.014463096244700645
47566B,22180,0.39457745966477287
47567B,609,0.01083397984381635
47590A,4331,0.07704756437367588
47594A,278,0.004945560585518794
71496A,140,0.0024905700790382418
72134,534,0.009499745872903005
79067,172,0.003059843239961268
82599,508,0.009037211429653047
82616C,668,0.01188357723426818
84459B,1438,0.02558171266897851
84520B,554,0.009855541598479898
84559A,686,0.012203793387287384
84609,4,7.115914511537833e-05
84659A,299,0.00531914609737453
84663A,272,0.004838821867845727
84828,1,1.7789786278844583e-05
84856L,6,0.00010673871767306749
84915,682,0.012132634242172004
84950,3631,0.06459471397848468
84976,3,5.3369358836533746e-05
85008,68,0.0012097054669614317
85040B,1059,0.01883938366929641
85053,435,0.007738557031297394
85170D,1002,0.01782536585140227
85212,60,0.001067387176730675
85227,6,0.00010673871767306749
90013B,133,0.0023660415750863294
90019B,69,0.001227495253240276
90024C,21,0.00037358551185573624
90036F,53,0.0009428586727787628
90040B,47,0.0008361199551056953
90051,17,0.0003024263667403579
90124B,31,0.0005514833746441821
90134,105,0.001867927559278681
90166,1,1.7789786278844583e-05
90173,155,0.0027574168732209105
90177C,93,0.0016544501239325463
90181B,23,0.0004091650844134254
90206C,58,0.0010318076041729858
90211A,21,0.00037358551185573624
20970,6,0.00010673871767306749
84658,59,0.0010495973904518304
22165,27,0.0004803242295288037
20665,2,3.5579572557689166e-05
21472,32,0.0005692731609230267
21877,36,0.000640432306038405
22121,1,1.7789786278844583e-05
22524,34,0.0006048527334807158
21624,2,3.5579572557689166e-05
84926A,2735,0.04865506547263993
72803A,649,0.011545571294970134
22583,4,7.115914511537833e-05
40001,976,0.017362831408152313
21709,1,1.7789786278844583e-05
85034A,2611,0.0464491319740632
72798C,7,0.00012452850395191207
35271S,19,0.00033800593929804706
21380,19,0.00033800593929804706
21421,28,0.0004981140158076483
21364,1,1.7789786278844583e-05
22271,2,3.5579572557689166e-05
72760B,410,0.0072938123743262785
62096A,108,0.0019212969181152148
22044,48,0.0008539097413845399
84077,55047,0.9792743652915578
22634,1,1.7789786278844583e-05
84792,494,0.008788154421749223
21125,8,0.00014231829023075667
20893,23,0.0004091650844134254
20975,26,0.0004625344432499591
22440,22,0.00039137529813458084
22564,12,0.00021347743534613499
22943,3,5.3369358836533746e-05
21058,3,5.3369358836533746e-05
21060,3,5.3369358836533746e-05
21719,1,1.7789786278844583e-05
84826,92,0.0016366603376537015
22536,78,0.0013876033297498774
22491,24,0.00042695487069226997
22460,12,0.00021347743534613499
22432,48,0.0008539097413845399
84674,40,0.0007115914511537833
22925,1,1.7789786278844583e-05
21843,6,0.00010673871767306749
22924,42,0.0007471710237114725
22301,11,0.00019568764906729042
22446,19,0.00033800593929804706
22832,1,1.7789786278844583e-05
20674,30,0.0005336935883653375
22170,1,1.7789786278844583e-05
21679,6,0.00010673871767306749
79191C,1299,0.023108932376219114
47471,292,0.005194617593422618
16046,104,0.0018501377729998364
22653,21,0.00037358551185573624
22696,24,0.00042695487069226997
22911,6,0.00010673871767306749
22796,2,3.5579572557689166e-05
22917,20,0.00035579572557689165
22559,1,1.7789786278844583e-05
20967,1,1.7789786278844583e-05
21430,4,7.115914511537833e-05
21538,4,7.115914511537833e-05
85216,1,1.7789786278844583e-05
21390,139,0.002472780292759397
22285,3,5.3369358836533746e-05
21383,14,0.00024905700790382414
21381,2,3.5579572557689166e-05
22210,2,3.5579572557689166e-05
22365,2,3.5579572557689166e-05
22761,1,1.7789786278844583e-05
22578,9207,0.16379056226932207
21741,1,1.7789786278844583e-05
85061W,2164,0.03849709750741967
40016,5556,0.09884005256526049
22202,2,3.5579572557689166e-05
21064,6,0.00010673871767306749
84341B,645,0.011474412149854755
16235,3,5.3369358836533746e-05
20986,1,1.7789786278844583e-05
20832,15,0.00026684679418266874
84846A,57,0.0010140178178941412
20798,2,3.5579572557689166e-05
22493,1,1.7789786278844583e-05
21561,3,5.3369358836533746e-05
22215,289,0.005141248234586084
21213,3,5.3369358836533746e-05
22316,1,1.7789786278844583e-05
22332,37,0.0006582220923172495
22555,61,0.0010851769630095195
22893,12,0.00021347743534613499
85159A,1075,0.019124020249757925
21784,1,1.7789786278844583e-05
22849,23,0.0004091650844134254
17090D,138,0.002454990506480552
72127,711,0.012648538044258499
84763,2,3.5579572557689166e-05
22144,83,0.0014765522611441004
10124G,33,0.0005870629472018713
22505,4,7.115914511537833e-05
21504,51,0.0009072791002210736
22292,6,0.00010673871767306749
22045,25,0.00044474465697111456
90175C,69,0.001227495253240276
90180A,22,0.00039137529813458084
90178A,9,0.00016010807650960126
22986,25,0.00044474465697111456
20984,11,0.00019568764906729042
21465,6,0.00010673871767306749
16012,25,0.00044474465697111456
85025C,653,0.011616730440085512
21849,1,1.7789786278844583e-05
85124B,187,0.0033266900341439366
20828,118,0.0020991947809036607
22898,3,5.3369358836533746e-05
85177,2,3.5579572557689166e-05
22795,2,3.5579572557689166e-05
16156S,5150,0.09161739933604961
22191,2,3.5579572557689166e-05
22426,1,1.7789786278844583e-05
90082D,67,0.0011919156806825869
90081A,36,0.000640432306038405
90204,82,0.0014587624748652558
90195A,23,0.0004091650844134254
90196A,13,0.00023126722162497955
90186A,34,0.0006048527334807158
21416,8,0.00014231829023075667
22343,1,1.7789786278844583e-05
22474,1,1.7789786278844583e-05
18097A,704,0.012524009540306587
22296,1,1.7789786278844583e-05
21902,3,5.3369358836533746e-05
20759,9,0.00016010807650960126
20760,7,0.00012452850395191207
22743,1,1.7789786278844583e-05
85185D,277,0.004927770799239949
22327,3,5.3369358836533746e-05
22838,1,1.7789786278844583e-05
79164,18,0.0003202161530192025
84683,48,0.0008539097413845399
21116,33,0.0005870629472018713
15060B,454,0.00807656297059544
22985,25,0.00044474465697111456
22821,5,8.894893139422291e-05
22576,12,0.00021347743534613499
22356,146,0.002597308796711309
72801C,391,0.006955806435028232
21735,1,1.7789786278844583e-05
22733,10,0.00017789786278844583
22965,1,1.7789786278844583e-05
21500,124,0.0022059334985767283
15036,32651,0.5808543117905544
BANK CHARGES,12,0.00021347743534613499
21539,4,7.115914511537833e-05
22627,1,1.7789786278844583e-05
21673,6,0.00010673871767306749
22341,1,1.7789786278844583e-05
21499,50,0.0008894893139422291
84952C,422,0.007507289809672414
35001G,291,0.005176827807143773
22181,4,7.115914511537833e-05
21392,2,3.5579572557689166e-05
21268,2,3.5579572557689166e-05
22902,2,3.5579572557689166e-05
85144,429,0.007631818313624326
21025,3,5.3369358836533746e-05
21031,1,1.7789786278844583e-05
22562,3,5.3369358836533746e-05
21714,2,3.5579572557689166e-05
20751,1,1.7789786278844583e-05
21892,4,7.115914511537833e-05
20977,4,7.115914511537833e-05
21581,2,3.5579572557689166e-05
90002D,13,0.00023126722162497955
21901,3,5.3369358836533746e-05
22099,7,0.00012452850395191207
22777,109,0.0019390867043940594
22801,16,0.00028463658046151333
21788,26,0.0004625344432499591
22275,69,0.001227495253240276
22818,12,0.00021347743534613499
22043,205,0.0036469061871631393
22328,6,0.00010673871767306749
21063,1,1.7789786278844583e-05
21239,1,1.7789786278844583e-05
21927,10,0.00017789786278844583
22763,1,1.7789786278844583e-05
22655,1,1.7789786278844583e-05
22060,8,0.00014231829023075667
21039,1,1.7789786278844583e-05
16161P,12026,0.21393996978938493
22171,4,7.115914511537833e-05
85214,6,0.00010673871767306749
72232,3317,0.059008721086927486
84247G,36,0.000640432306038405
21530,1,1.7789786278844583e-05
21528,1,1.7789786278844583e-05
22162,5,8.894893139422291e-05
21114,10,0.00017789786278844583
47021G,582,0.010353655614287546
22155,12,0.00021347743534613499
22128,12,0.00021347743534613499
22748,1,1.7789786278844583e-05
22636,2,3.5579572557689166e-05
79000,4186,0.07446804536324342
22507,1,1.7789786278844583e-05
20677,7,0.00012452850395191207
21878,1,1.7789786278844583e-05
22737,7,0.00012452850395191207
15056bl,87,0.0015477114062594785
20941,64,0.0011385463218460533
21066,1,1.7789786278844583e-05
21874,5,8.894893139422291e-05
22136,5,8.894893139422291e-05
22167,1,1.7789786278844583e-05
22358,1,1.7789786278844583e-05
22412,1,1.7789786278844583e-05
22772,4,7.115914511537833e-05
72349b,890,0.015832909788171676
84872a,69,0.001227495253240276
10123C,5,8.894893139422291e-05
10120,6,0.00010673871767306749
84006,919,0.016348813590258172
20767,7,0.00012452850395191207
22758,171,0.0030420534536824235
21586,21,0.00037358551185573624
20886,486,0.008645836131518467
21216,3,5.3369358836533746e-05
21945,2,3.5579572557689166e-05
21948,1,1.7789786278844583e-05
22665,7,0.00012452850395191207
22891,1,1.7789786278844583e-05
21100,1,1.7789786278844583e-05
21865,5,8.894893139422291e-05
22424,2,3.5579572557689166e-05
22628,16,0.00028463658046151333
85036b,1353,0.02406958083527672
84993A,433,0.007702977458739704
22945,6,0.00010673871767306749
20998,7,0.00012452850395191207
22702,1,1.7789786278844583e-05
21715,3,5.3369358836533746e-05
22912,4,7.115914511537833e-05
22450,2,3.5579572557689166e-05
84925D,95,0.0016900296964902353
21078,16,0.00028463658046151333
22105,6,0.00010673871767306749
22107,14,0.00024905700790382414
22132,2,3.5579572557689166e-05
22175,6,0.00010673871767306749
22250,62,0.0011029667492883641
22336,213,0.003789224477393896
22395,2,3.5579572557689166e-05
22406,13,0.00023126722162497955
22420,7,0.00012452850395191207
22483,1,1.7789786278844583e-05
22600,8,0.00014231829023075667
22609,5,8.894893139422291e-05
22762,5,8.894893139422291e-05
22882,1018,0.018110002431863784
22908,2,3.5579572557689166e-05
44234,79,0.001405393116028722
71143,178,0.003166581957634336
72351A,3391,0.06032516527156198
75049L,7114,0.12655653958770036
75131,490,0.008716995276633844
82001S,1704,0.030313795819151168
84270,17,0.0003024263667403579
84660C,2237,0.039795751905775334
84661B,292,0.005194617593422618
84673B,271,0.004821032081566882
84927A,456,0.00811214254315313
85167B,50,0.0008894893139422291
85203,96,0.0017078194827690799
90000D,45,0.0008005403825480062
90028,1,1.7789786278844583e-05
90060F,10,0.00017789786278844583
90141A,40,0.0007115914511537833
90205A,60,0.001067387176730675
16218,10202,0.18149139961677244
16225,815,0.014498675817258333
20686,1,1.7789786278844583e-05
22940,26,0.0004625344432499591
20981,148,0.002632888369268998
21051,8,0.00014231829023075667
21219,1,1.7789786278844583e-05
21261,8,0.00014231829023075667
21286,43,0.000764960809990317
21619,3904,0.06945132563260925
21675,10,0.00017789786278844583
21704,102,0.0018145582004421472
21711,1,1.7789786278844583e-05
21725,1,1.7789786278844583e-05
21911,1,1.7789786278844583e-05
21027,2,3.5579572557689166e-05
84539,26,0.0004625344432499591
21095,610,0.010851769630095195
22112,99,0.0017611888416056137
22295,234,0.004162809989249632
85018D,12,0.00021347743534613499
47503J,2487,0.044243198475486474
22846,1,1.7789786278844583e-05
37464,228,0.004056071271576565
84247N,28,0.0004981140158076483
84247K,1,1.7789786278844583e-05
21250,2,3.5579572557689166e-05
84212,8531,0.15176466674482314
21377,3,5.3369358836533746e-05
37489D,127,0.002259302857413262
17107D,171,0.0030420534536824235
21564,48,0.0008539097413845399
21469,6,0.00010673871767306749
21470,5,8.894893139422291e-05
21527,1,1.7789786278844583e-05
21531,14,0.00024905700790382414
22115,7,0.00012452850395191207
21905,1,1.7789786278844583e-05
22844,9,0.00016010807650960126
22414,1,1.7789786278844583e-05
21259,11,0.00019568764906729042
22116,2,3.5579572557689166e-05
85130A,1959,0.03485019132025653
22892,12,0.00021347743534613499
22158,58,0.0010318076041729858
22704,50,0.0008894893139422291
85230B,4599,0.08181522709640623
22306,45,0.0008005403825480062
21820,110,0.001956876490672904
20960,17,0.0003024263667403579
21864,4,7.115914511537833e-05
84507C,109,0.0019390867043940594
20910,2,3.5579572557689166e-05
21917,24,0.00042695487069226997
22192,3,5.3369358836533746e-05
90128B,9,0.00016010807650960126
90198B,111,0.0019746662769517488
90152B,8,0.00014231829023075667
90151,12,0.00021347743534613499
22482,3,5.3369358836533746e-05
20661,3,5.3369358836533746e-05
20773,3,5.3369358836533746e-05
21845,36,0.000640432306038405
22398,12,0.00021347743534613499
84877D,282,0.005016719730634171
47343A,159,0.0028285760183362884
22837,26,0.0004625344432499591
21054,16,0.00028463658046151333
22339,2,3.5579572557689166e-05
84562A,3,5.3369358836533746e-05
21040,9,0.00016010807650960126
22701,41,0.0007293812374326279
22359,2,3.5579572557689166e-05
22361,2,3.5579572557689166e-05
82011C,112,0.001992456063230593
84865,29,0.0005159038020864929
79337,706,0.012559589112864275
85078,1932,0.03436986709072773
84614A,2,3.5579572557689166e-05
85175,225,0.004002701912740031
22786,2,3.5579572557689166e-05
90145,98,0.001743399055326769
90010A,54,0.0009606484590576074
22431,18,0.0003202161530192025
22133,2,3.5579572557689166e-05
21677,6,0.00010673871767306749
21947,3,5.3369358836533746e-05
22434,10,0.00017789786278844583
84924A,91,0.001618870551374857
35810B,786,0.013982772015171842
35241,103,0.001832347986720992
21112,1,1.7789786278844583e-05
17109D,75,0.0013342339709133436
22853,30,0.0005336935883653375
84819,238,0.00423396913436501
22577,9930,0.17665257774892668
22867,480,0.0085390974138454
90162B,57,0.0010140178178941412
90167,10,0.00017789786278844583
22403,12,0.00021347743534613499
84827,71,0.0012630748257979653
22799,1,1.7789786278844583e-05
22732,4,7.115914511537833e-05
84898F,46,0.0008183301688268508
22747,6,0.00010673871767306749
22415,1,1.7789786278844583e-05
22977,1,1.7789786278844583e-05
22256,1,1.7789786278844583e-05
47310M,410,0.0072938123743262785
22196,33,0.0005870629472018713
22479,3,5.3369358836533746e-05
22531,120,0.00213477435346135
21787,647,0.011509991722412445
21829,12,0.00021347743534613499
22390,25,0.00044474465697111456
84963A,7,0.00012452850395191207
22409,55,0.000978438245336452
85206A,990,0.017611888416056137
22021,1,1.7789786278844583e-05
22972,13,0.00023126722162497955
22753,43,0.000764960809990317
35965,32,0.0005692731609230267
20675,243,0.004322918065759233
22543,10,0.00017789786278844583
22314,45,0.0008005403825480062
77101A,388,0.006902437076191697
84358,5,8.894893139422291e-05
22638,2,3.5579572557689166e-05
21294,3,5.3369358836533746e-05
22123,2,3.5579572557689166e-05
22939,50,0.0008894893139422291
21836,2,3.5579572557689166e-05
21042,230,0.0040916508441342534
21413,4,7.115914511537833e-05
79149B,18,0.0003202161530192025
78034B,8,0.00014231829023075667
79151B,11,0.00019568764906729042
21090,5,8.894893139422291e-05
21209,69,0.001227495253240276
22354,1,1.7789786278844583e-05
35653,602,0.010709451339864439
22792,64,0.0011385463218460533
84978,4,7.115914511537833e-05
22154,132,0.002348251788807485
90086,301,0.005354725669932219
62018,4415,0.07854190642109883
16011,25,0.00044474465697111456
85179A,300,0.0053369358836533745
21650,868,0.015441534490037096
84874B,41,0.0007293812374326279
85178,3,5.3369358836533746e-05
21669,29,0.0005159038020864929
21882,14,0.00024905700790382414
72051S,131,0.00233046200252864
22278,3,5.3369358836533746e-05
47579,1,1.7789786278844583e-05
21726,12,0.00021347743534613499
84051,40,0.0007115914511537833
21187,25,0.00044474465697111456
22976,12,0.00021347743534613499
22955,1,1.7789786278844583e-05
21918,6,0.00010673871767306749
21696,18,0.0003202161530192025
22566,4,7.115914511537833e-05
22563,2,3.5579572557689166e-05
75013B,25,0.00044474465697111456
22830,2,3.5579572557689166e-05
21630,1,1.7789786278844583e-05
22027,16647,0.29614657218392576
22231,2,3.5579572557689166e-05
21657,13,0.00023126722162497955
22859,12,0.00021347743534613499
22860,6,0.00010673871767306749
21107,7,0.00012452850395191207
22907,18,0.0003202161530192025
20748,1,1.7789786278844583e-05
22129,3,5.3369358836533746e-05
22808,7,0.00012452850395191207
21109,318,0.005657152036672577
20702,3,5.3369358836533746e-05
85187,100,0.0017789786278844583
22770,1,1.7789786278844583e-05
79190A,1356,0.024122950194113254
35924,5,8.894893139422291e-05
22200,11,0.00019568764906729042
37509,515,0.00916173993360496
47369A,68,0.0012097054669614317
22272,8,0.00014231829023075667
16014,121,0.0021525641397401943
47367B,112,0.001992456063230593
22337,38,0.0006760118785960941
84773,3,5.3369358836533746e-05
21497,25,0.00044474465697111456
22251,14,0.00024905700790382414
21401,6,0.00010673871767306749
21584,270,0.004803242295288037
84597C,87,0.0015477114062594785
51020A,563,0.0100156496749895
21306,574,0.010211337324056791
21311,2,3.5579572557689166e-05
21635,4,7.115914511537833e-05
21277,4,7.115914511537833e-05
22475,10,0.00017789786278844583
90062,15,0.00026684679418266874
20985,2,3.5579572557689166e-05
21136,1,1.7789786278844583e-05
22346,24,0.00042695487069226997
22111,7,0.00012452850395191207
85215,30,0.0005336935883653375
85062,24,0.00042695487069226997
85064,43,0.000764960809990317
22923,12,0.00021347743534613499
84531A,305,0.005425884815047598
22461,1,1.7789786278844583e-05
22833,1,1.7789786278844583e-05
22497,421,0.00748950002339357
84809A,73,0.0012986543983556545
84795B,194,0.0034512185380958485
22584,4,7.115914511537833e-05
20770,2,3.5579572557689166e-05
37327,1583,0.028161231679410977
85027L,70,0.0012452850395191209
84707B,129,0.002294882429970951
21167,75,0.0013342339709133436
51008,519,0.009232899078720339
21713,2,3.5579572557689166e-05
20802,2697,0.047979053594043836
22052,21,0.00037358551185573624
22705,25,0.00044474465697111456
22389,3,5.3369358836533746e-05
22383,10,0.00017789786278844583
22439,1,1.7789786278844583e-05
22073,8,0.00014231829023075667
21165,1999,0.03556178277141032
21291,16,0.00028463658046151333
21355,30,0.0005336935883653375
21359,1,1.7789786278844583e-05
21627,1,1.7789786278844583e-05
21632,197,0.0035045878969323825
21903,39,0.0006938016648749387
22077,80,0.0014231829023075666
22079,15,0.00026684679418266874
22096,14,0.00024905700790382414
22106,1,1.7789786278844583e-05
22187,22,0.00039137529813458084
22207,3,5.3369358836533746e-05
22255,50,0.0008894893139422291
22344,72,0.00128086461207681
22456,695,0.012363901463796984
22962,2,3.5579572557689166e-05
35648,1674,0.02978010223078583
46118,232,0.004127230416691943
62094B,19,0.00033800593929804706
84078A,415,0.007382761305720502
84228,349,0.00620863541131676
84568,13882,0.24695781312292048
84789,187,0.0033266900341439366
84813,16,0.00028463658046151333
85093,153,0.002721837300663221
90001D,22,0.00039137529813458084
90014B,49,0.0008716995276633845
90140,1,1.7789786278844583e-05
90143,90,0.0016010807650960123
90183A,71,0.0012630748257979653
90201B,295,0.005247986952259152
90212B,17,0.0003024263667403579
84712B,30,0.0005336935883653375
22279,14,0.00024905700790382414
22280,5,8.894893139422291e-05
20961,2,3.5579572557689166e-05
22447,18,0.0003202161530192025
22521,126,0.002241513071134417
22942,43,0.000764960809990317
21366,18,0.0003202161530192025
21391,12,0.00021347743534613499
21534,33,0.0005870629472018713
21625,9,0.00016010807650960126
21722,4,7.115914511537833e-05
21774,1,1.7789786278844583e-05
21900,7,0.00012452850395191207
22042,24,0.00042695487069226997
22110,12,0.00021347743534613499
22284,22,0.00039137529813458084
22340,24,0.00042695487069226997
35833G,52,0.0009250688864999182
84637,27,0.0004803242295288037
85066,25,0.00044474465697111456
90039C,46,0.0008183301688268508
90101,8,0.00014231829023075667
90130B,62,0.0011029667492883641
20755,14,0.00024905700790382414
18007,5884,0.1046751024647215
21289,4,7.115914511537833e-05
22454,1,1.7789786278844583e-05
20766,16,0.00028463658046151333
37479B,306,0.005443674601326442
37482P,506,0.009001631857095358
22381,2,3.5579572557689166e-05
20897,61,0.0010851769630095195
71403,77,0.0013698135434710328
22382,9,0.00016010807650960126
22691,1,1.7789786278844583e-05
21870,107,0.0019035071318363704
22486,1,1.7789786278844583e-05
84711A,45,0.0008005403825480062
16169N,5498,0.09780824496108752
20769,1,1.7789786278844583e-05
35597A,48,0.0008539097413845399
47480,114,0.0020280356357882823
84522,72,0.00128086461207681
20731,1,1.7789786278844583e-05
21756,40,0.0007115914511537833
21226,5,8.894893139422291e-05
21693,6,0.00010673871767306749
21733,11,0.00019568764906729042
79160,23,0.0004091650844134254
21224,392,0.006973596221307076
90179C,15,0.00026684679418266874
21867,8,0.00014231829023075667
85020,85,0.0015121318337017894
20861,2,3.5579572557689166e-05
22443,1,1.7789786278844583e-05
79051A,831,0.014783312397719848
21464,3,5.3369358836533746e-05
17007B,24,0.00042695487069226997
22595,11,0.00019568764906729042
22700,3,5.3369358836533746e-05
21817,308,0.005479254173884131
21638,1,1.7789786278844583e-05
21746,25,0.00044474465697111456
40005B,12,0.00021347743534613499
18094C,192,0.0034156389655381598
22905,2,3.5579572557689166e-05
47586A,21,0.00037358551185573624
22718,27,0.0004803242295288037
46115B,12,0.00021347743534613499
21814,1,1.7789786278844583e-05
21336,2,3.5579572557689166e-05
22788,85,0.0015121318337017894
22050,25,0.00044474465697111456
21680,82,0.0014587624748652558
20819,45,0.0008005403825480062
21580,2,3.5579572557689166e-05
21812,5,8.894893139422291e-05
84945,43,0.000764960809990317
22602,48,0.0008539097413845399
21026,1,1.7789786278844583e-05
21028,1,1.7789786278844583e-05
21251,7,0.00012452850395191207
21537,7,0.00012452850395191207
21595,1,1.7789786278844583e-05
22078,75,0.0013342339709133436
22101,10,0.00017789786278844583
22199,13,0.00023126722162497955
22322,1,1.7789786278844583e-05
22616,2,3.5579572557689166e-05
35914,196,0.003486798110653538
37462E,36,0.000640432306038405
47481,5,8.894893139422291e-05
84313B,631,0.011225355141950931
84422,566,0.010069019033826032
84429A,55,0.000978438245336452
84840,1,1.7789786278844583e-05
85087,610,0.010851769630095195
90160C,160,0.002846365804615133
90184C,68,0.0012097054669614317
22494,4,7.115914511537833e-05
22693,195,0.0034690083243746933
21397,125,0.0022237232848555727
47574A,553,0.009837751812201055
71279,2,3.5579572557689166e-05
72819,1,1.7789786278844583e-05
84665,129,0.002294882429970951
21692,11,0.00019568764906729042
22353,1,1.7789786278844583e-05
22498,1,1.7789786278844583e-05
21287,60,0.001067387176730675
84725,82,0.0014587624748652558
22618,2,3.5579572557689166e-05
22525,109,0.0019390867043940594
22061,89,0.001583290978817168
21621,1,1.7789786278844583e-05
22575,144,0.00256172922415362
22385,31,0.0005514833746441821
22545,70,0.0012452850395191209
22453,12,0.00021347743534613499
17038,1525,0.02712942407523799
84388,10,0.00017789786278844583
22211,6,0.00010673871767306749
22903,5,8.894893139422291e-05
22606,8,0.00014231829023075667
20839,3,5.3369358836533746e-05
22212,11,0.00019568764906729042
AMAZONFEE,2,3.5579572557689166e-05
16052,323,0.0057461009680668
20892,3,5.3369358836533746e-05
21415,14,0.00024905700790382414
21666,12,0.00021347743534613499
21671,96,0.0017078194827690799
21744,17,0.0003024263667403579
22293,2,3.5579572557689166e-05
22294,1005,0.017878735210238805
22608,3,5.3369358836533746e-05
22614,556,0.009891121171037588
22789,4,7.115914511537833e-05
22811,10,0.00017789786278844583
35809A,438,0.007791926390133927
72817,7,0.00012452850395191207
90005A,14,0.00024905700790382414
90168,3,5.3369358836533746e-05
90187B,13,0.00023126722162497955
90202C,81,0.0014409726885864112
22528,1,1.7789786278844583e-05
84989a,70,0.0012452850395191209
22896,4,7.115914511537833e-05
22166,1,1.7789786278844583e-05
21558,1,1.7789786278844583e-05
22513,8,0.00014231829023075667
22518,25,0.00044474465697111456
85119,1,1.7789786278844583e-05
21818,5,8.894893139422291e-05
84247E,47,0.0008361199551056953
22918,1,1.7789786278844583e-05
22921,13,0.00023126722162497955
21813,80,0.0014231829023075666
22773,36,0.000640432306038405
84497,10,0.00017789786278844583
85026B,79,0.001405393116028722
22459,64,0.0011385463218460533
22512,3,5.3369358836533746e-05
22533,60,0.001067387176730675
22611,2,3.5579572557689166e-05
22712,280,0.0049811401580764835
84251B,642,0.01142104279101822
85213,72,0.00128086461207681
90027A,23,0.0004091650844134254
20777,2,3.5579572557689166e-05
20794,206,0.003664695973441984
21723,18,0.0003202161530192025
21790,623,0.011083036851720175
22664,59,0.0010495973904518304
20754,13,0.00023126722162497955
21166,49,0.0008716995276633845
22708,75,0.0013342339709133436
22048,75,0.0013342339709133436
22067,84,0.001494342047422945
22930,1,1.7789786278844583e-05
22071,2,3.5579572557689166e-05
47348A,97,0.0017256092690479243
22448,1,1.7789786278844583e-05
21686,16,0.00028463658046151333
85024C,205,0.0036469061871631393
71038,239,0.004251758920643855
84613C,7,0.00012452850395191207
21467,1,1.7789786278844583e-05
84910A,26,0.0004625344432499591
22607,4,7.115914511537833e-05
21059,3,5.3369358836533746e-05
21246,6,0.00010673871767306749
21069,689,0.012257162746123916
22509,15,0.00026684679418266874
72709,44,0.0007827505962691617
22452,1,1.7789786278844583e-05
22063,18,0.0003202161530192025
84415B,20,0.00035579572557689165
21243,132,0.002348251788807485
21275,1,1.7789786278844583e-05
22617,30,0.0005336935883653375
71495B,266,0.004732083150172659
78124,199,0.003540167469490072
22442,24,0.00042695487069226997
79403,239,0.004251758920643855
90034,83,0.0014765522611441004
17013D,535,0.009517535659181852
17096,2545,0.04527500607965946
21285,62,0.0011029667492883641
21417,84,0.001494342047422945
21446,5,8.894893139422291e-05
21717,6,0.00010673871767306749
21750,1,1.7789786278844583e-05
22329,35,0.0006226425197595604
22478,2,3.5579572557689166e-05
22538,96,0.0017078194827690799
22641,2,3.5579572557689166e-05
22645,168,0.00298868409484589
21468,2,3.5579572557689166e-05
22145,43,0.000764960809990317
22163,13,0.00023126722162497955
21215,5,8.894893139422291e-05
71215,11,0.00019568764906729042
22937,1,1.7789786278844583e-05
84947,45,0.0008005403825480062
84706D,24,0.00042695487069226997
22828,2,3.5579572557689166e-05
21739,2,3.5579572557689166e-05
22092,26,0.0004625344432499591
22690,2,3.5579572557689166e-05
22072,23,0.0004091650844134254
22514,2,3.5579572557689166e-05
84875B,74,0.001316444184634499
84876D,349,0.00620863541131676
84192,5,8.894893139422291e-05
21591,93,0.0016544501239325463
22510,4,7.115914511537833e-05
22894,24,0.00042695487069226997
22840,5,8.894893139422291e-05
22236,3,5.3369358836533746e-05
22933,5,8.894893139422291e-05
21629,2,3.5579572557689166e-05
22757,402,0.007151494084095521
21382,11,0.00019568764906729042
22556,98,0.001743399055326769
22746,4,7.115914511537833e-05
21120,1,1.7789786278844583e-05
21284,257,0.004571975073663057
21749,5,8.894893139422291e-05
22108,1,1.7789786278844583e-05
22526,29,0.0005159038020864929
84012,728,0.012950964410998855
85180B,774,0.013769294579825706
90030B,271,0.004821032081566882
90093,20,0.00035579572557689165
90188,10,0.00017789786278844583
DCGS0076,3,5.3369358836533746e-05
16008,2892,0.051448061918418525
37333,5,8.894893139422291e-05
21535,13,0.00023126722162497955
21623,4,7.115914511537833e-05
22319,180,0.0032021615301920246
21132,1,1.7789786278844583e-05
22504,42,0.0007471710237114725
84818,149,0.0026506781555478425
22436,28,0.0004981140158076483
21690,22,0.00039137529813458084
21876,2,3.5579572557689166e-05
84843,5,8.894893139422291e-05
21317,251,0.00446523635598999
21944,7,0.00012452850395191207
84356,60,0.001067387176730675
47578A,219,0.0038959631950669636
21822,12,0.00021347743534613499
22642,4,7.115914511537833e-05
22156,2,3.5579572557689166e-05
22649,1,1.7789786278844583e-05
20758,3,5.3369358836533746e-05
21588,1,1.7789786278844583e-05
21875,6,0.00010673871767306749
22621,12,0.00021347743534613499
84748,5,8.894893139422291e-05
84951A,927,0.016491131880488927
21131,24,0.00042695487069226997
17165D,27,0.0004803242295288037
21442,48,0.0008539097413845399
22291,1,1.7789786278844583e-05
22307,6,0.00010673871767306749
15058A,668,0.01188357723426818
21123,195,0.0034690083243746933
84820,40,0.0007115914511537833
22229,1,1.7789786278844583e-05
16054,1128,0.020066878922536686
84595E,78,0.0013876033297498774
35915B,535,0.009517535659181852
22817,24,0.00042695487069226997
85086A,146,0.002597308796711309
22209,3,5.3369358836533746e-05
85084,3,5.3369358836533746e-05
81950V,138,0.002454990506480552
22055,16,0.00028463658046151333
84799,4,7.115914511537833e-05
21454,1,1.7789786278844583e-05
22201,1,1.7789786278844583e-05
22362,4,7.115914511537833e-05
21056,1,1.7789786278844583e-05
21067,6,0.00010673871767306749
21418,4,7.115914511537833e-05
21420,44,0.0007827505962691617
22217,53,0.0009428586727787628
35609A,1,1.7789786278844583e-05
84931A,315,0.005603782677836043
85211,2,3.5579572557689166e-05
90125B,328,0.005835049899461023
DCGS0003,1,1.7789786278844583e-05
22069,194,0.0034512185380958485
22826,1,1.7789786278844583e-05
22852,1,1.7789786278844583e-05
21121,216,0.0038425938362304296
85071A,21,0.00037358551185573624
16033,840,0.014943420474229448
21881,1,1.7789786278844583e-05
90067A,16,0.00028463658046151333
22857,12,0.00021347743534613499
22861,8,0.00014231829023075667
22572,457,0.008129932329431974
20793,3,5.3369358836533746e-05
20664,2,3.5579572557689166e-05
20670,2,3.5579572557689166e-05
22400,2,3.5579572557689166e-05
21032,10,0.00017789786278844583
85031A,20,0.00035579572557689165
90094,4,7.115914511537833e-05
22363,1,1.7789786278844583e-05
21507,135,0.0024016211476440186
21662,2,3.5579572557689166e-05
22243,164,0.0029175249497305116
22281,2,3.5579572557689166e-05
90126A,3,5.3369358836533746e-05
22184,2,3.5579572557689166e-05
21823,10,0.00017789786278844583
22289,32,0.0005692731609230267
22495,12,0.00021347743534613499
20704,10,0.00017789786278844583
21293,4,7.115914511537833e-05
85188B,397,0.007062545152701299
90164A,65,0.0011563361081248977
22710,50,0.0008894893139422291
20983,24,0.00042695487069226997
72780,153,0.002721837300663221
22954,1,1.7789786278844583e-05
21106,20,0.00035579572557689165
21910,12,0.00021347743534613499
22047,50,0.0008894893139422291
22261,33,0.0005870629472018713
21331,4,7.115914511537833e-05
21393,4,7.115914511537833e-05
20826,12,0.00021347743534613499
22723,40,0.0007115914511537833
84575A,14,0.00024905700790382414
21473,1,1.7789786278844583e-05
22820,6,0.00010673871767306749
22727,10,0.00017789786278844583
90057,24,0.00042695487069226997
22782,3,5.3369358836533746e-05
84766,4,7.115914511537833e-05
20860,1,1.7789786278844583e-05
22722,8,0.00014231829023075667
22334,1,1.7789786278844583e-05
21018,1,1.7789786278844583e-05
21495,50,0.0008894893139422291
22729,3,5.3369358836533746e-05
22270,4,7.115914511537833e-05
85195,2,3.5579572557689166e-05
21357,40,0.0007115914511537833
85194L,2145,0.03815909156812163
75178,12,0.00021347743534613499
75011,172,0.003059843239961268
21873,41,0.0007293812374326279
20705,40,0.0007115914511537833
84823,1,1.7789786278844583e-05
21408,2,3.5579572557689166e-05
20996,74,0.001316444184634499
21062,48,0.0008539097413845399
22721,12,0.00021347743534613499
90058B,936,0.016651239956998527
20867,1516,0.02696931599872839
22720,38,0.0006760118785960941
22726,24,0.00042695487069226997
84616,1,1.7789786278844583e-05
84796a,334,0.00594178861713409
20871,2,3.5579572557689166e-05
21186,2,3.5579572557689166e-05
21658,3,5.3369358836533746e-05
21745,76,0.0013520237571921882
21386,16,0.00028463658046151333
22257,6,0.00010673871767306749
22264,1,1.7789786278844583e-05
35817P,18,0.0003202161530192025
22546,99,0.0017611888416056137
90042A,8,0.00014231829023075667
90035A,7,0.00012452850395191207
79329,6,0.00010673871767306749
84751B,19,0.00033800593929804706
22157,60,0.001067387176730675
84620,2,3.5579572557689166e-05
84929,12,0.00021347743534613499
21707,1,1.7789786278844583e-05
22869,1,1.7789786278844583e-05
22656,1,1.7789786278844583e-05
21030,3,5.3369358836533746e-05
21196,1,1.7789786278844583e-05
21195,55,0.000978438245336452
22858,3,5.3369358836533746e-05
22062,1,1.7789786278844583e-05
21348,113,0.0020102458495094375
21400,8,0.00014231829023075667
35911A,438,0.007791926390133927
90012B,24,0.00042695487069226997
84817,18,0.0003202161530192025
84750B,85,0.0015121318337017894
22647,9,0.00016010807650960126
22971,20,0.00035579572557689165
22970,18,0.0003202161530192025
22843,2,3.5579572557689166e-05
21491,1,1.7789786278844583e-05
35607A,122,0.002170353926019039
22410,12,0.00021347743534613499
21389,1,1.7789786278844583e-05
22051,50,0.0008894893139422291
84859A,245,0.004358497638316922
22519,10,0.00017789786278844583
22535,132,0.002348251788807485
22407,7,0.00012452850395191207
85205B,122,0.002170353926019039
22929,1,1.7789786278844583e-05
85163A,150,0.0026684679418266873
85088,1,1.7789786278844583e-05
22286,27,0.0004803242295288037
21257,19,0.00033800593929804706
22282,4,7.115914511537833e-05
22557,1,1.7789786278844583e-05
84600,1,1.7789786278844583e-05
84857C,122,0.002170353926019039
90165B,35,0.0006226425197595604
20954,1,1.7789786278844583e-05
21372,41,0.0007293812374326279
21422,3,5.3369358836533746e-05
21455,6,0.00010673871767306749
22206,1,1.7789786278844583e-05
22530,171,0.0030420534536824235
35933,226,0.004020491699018875
90122A,52,0.0009250688864999182
90197B,35,0.0006226425197595604
72225C,624,0.01110082663799902
22254,4,7.115914511537833e-05
21424,147,0.0026150985829901537
22221,1,1.7789786278844583e-05
35400,10,0.00017789786278844583
21253,1,1.7789786278844583e-05
21361,5,8.894893139422291e-05
22725,14,0.00024905700790382414
47585A,264,0.00469650357761497
84247L,16,0.00028463658046151333
90011D,26,0.0004625344432499591
90142A,11,0.00019568764906729042
21163,156,0.002775206659499755
21365,15,0.00026684679418266874
21009,1,1.7789786278844583e-05
16015,20,0.00035579572557689165
21793,1,1.7789786278844583e-05
85023B,105,0.001867927559278681
84804A,169,0.0030064738811247343
84800L,600,0.010673871767306749
84802A,6,0.00010673871767306749
84806A,445,0.007916454894085838
85173,1,1.7789786278844583e-05
22707,25,0.00044474465697111456
90108,2,3.5579572557689166e-05
16207A,91,0.001618870551374857
21747,1,1.7789786278844583e-05
22258,12,0.00021347743534613499
84457,12,0.00021347743534613499
84249A,174,0.003095422812518957
22416,48,0.0008539097413845399
21002,331,0.005888419258297557
21555,16,0.00028463658046151333
90055,1,1.7789786278844583e-05
90176B,21,0.00037358551185573624
gift_0001_40,3,5.3369358836533746e-05
21198,13,0.00023126722162497955
44228,36,0.000640432306038405
22613,388,0.006902437076191697
21240,1,1.7789786278844583e-05
20775,8,0.00014231829023075667
21631,4,7.115914511537833e-05
35819B,383,0.006813488144797475
84199,3,5.3369358836533746e-05
79163,68,0.0012097054669614317
22823,4,7.115914511537833e-05
22070,8,0.00014231829023075667
21242,17,0.0003024263667403579
21374,8,0.00014231829023075667
DCGS0070,1,1.7789786278844583e-05
22523,1,1.7789786278844583e-05
85160a,113,0.0020102458495094375
47518f,832,0.014801102183998691
22223,3,5.3369358836533746e-05
90104,4,7.115914511537833e-05
84499,7,0.00012452850395191207
21656,546,0.009713223308249141
16045,200,0.0035579572557689165
22951,199,0.003540167469490072
22046,25,0.00044474465697111456
21270,1,1.7789786278844583e-05
85161,35,0.0006226425197595604
22214,74,0.001316444184634499
22244,30,0.0005336935883653375
gift_0001_50,4,7.115914511537833e-05
22138,9,0.00016010807650960126
16206B,7,0.00012452850395191207
46138B,43,0.000764960809990317
20701,1,1.7789786278844583e-05
90112,2,3.5579572557689166e-05
35443,8,0.00014231829023075667
22303,32,0.0005692731609230267
21654,4,7.115914511537833e-05
21661,2,3.5579572557689166e-05
22711,25,0.00044474465697111456
20663,1,1.7789786278844583e-05
22391,72,0.00128086461207681
22247,8,0.00014231829023075667
16048,1,1.7789786278844583e-05
21194,125,0.0022237232848555727
85168B,51,0.0009072791002210736
21217,7,0.00012452850395191207
22148,42,0.0007471710237114725
21129,9,0.00016010807650960126
22984,63,0.0011207565355672085
84218,1,1.7789786278844583e-05
22245,29,0.0005159038020864929
22615,22,0.00039137529813458084
22268,2,3.5579572557689166e-05
22714,12,0.00021347743534613499
85094,2,3.5579572557689166e-05
90037B,16,0.00028463658046151333
90041,1,1.7789786278844583e-05
90114,368,0.006546641350614806
90163A,19,0.00033800593929804706
21428,208,0.003700275545999673
79071B,20,0.00035579572557689165
22066,4,7.115914511537833e-05
22204,3,5.3369358836533746e-05
gift_0001_30,7,0.00012452850395191207
gift_0001_20,20,0.00035579572557689165
22288,1,1.7789786278844583e-05
20785,1,1.7789786278844583e-05
35909A,16,0.00028463658046151333
35910A,33,0.0005870629472018713
85096,9,0.00016010807650960126
22824,1,1.7789786278844583e-05
21269,1,1.7789786278844583e-05
22496,50,0.0008894893139422291
21763,2,3.5579572557689166e-05
21205,413,0.007347181733162812
22934,2,3.5579572557689166e-05
22516,1,1.7789786278844583e-05
47589,9,0.00016010807650960126
22263,28,0.0004981140158076483
22074,25,0.00044474465697111456
90182C,27,0.0004803242295288037
21847,1,1.7789786278844583e-05
21248,24,0.00042695487069226997
21278,8,0.00014231829023075667
22956,5,8.894893139422291e-05
21425,2,3.5579572557689166e-05
16156L,25,0.00044474465697111456
21503,98,0.001743399055326769
47351B,86,0.001529921619980634
22717,461,0.008201091474547352
21828,1,1.7789786278844583e-05
84741C,60,0.001067387176730675
22266,64,0.0011385463218460533
22269,22,0.00039137529813458084
21757,2,3.5579572557689166e-05
21755,15,0.00026684679418266874
90123B,44,0.0007827505962691617
90156,2,3.5579572557689166e-05
22029,87,0.0015477114062594785
84617,1,1.7789786278844583e-05
22102,6,0.00010673871767306749
21872,53,0.0009428586727787628
90038B,37,0.0006582220923172495
20782,7,0.00012452850395191207
21096,12,0.00021347743534613499
44091A,9,0.00016010807650960126
21280,12,0.00021347743534613499
21644,27,0.0004803242295288037
90054,4,7.115914511537833e-05
21742,118,0.0020991947809036607
84821,24,0.00042695487069226997
21249,196,0.003486798110653538
22756,164,0.0029175249497305116
85197,88,0.0015655011925383234
21676,12,0.00021347743534613499
47556B,3900,0.06938016648749387
22856,3,5.3369358836533746e-05
21943,18,0.0003202161530192025
79323P,12,0.00021347743534613499
22057,56,0.0009962280316152966
35265,17,0.0003024263667403579
16162L,32,0.0005692731609230267
90092,7,0.00012452850395191207
90079,4,7.115914511537833e-05
21667,2,3.5579572557689166e-05
22103,93,0.0016544501239325463
22399,4,7.115914511537833e-05
23231,152,0.0027040475143843765
62086A,88,0.0015655011925383234
21371,2,3.5579572557689166e-05
22302,15,0.00026684679418266874
35912B,252,0.004483026142268834
22023,61,0.0010851769630095195
85189,3,5.3369358836533746e-05
84745A,64,0.0011385463218460533
22287,7,0.00012452850395191207
90158,88,0.0015655011925383234
22433,1,1.7789786278844583e-05
21460,2,3.5579572557689166e-05
22228,12,0.00021347743534613499
21897,120,0.00213477435346135
72369A,30,0.0005336935883653375
22967,6,0.00010673871767306749
22957,146,0.002597308796711309
22252,40,0.0007115914511537833
17174,9,0.00016010807650960126
20980,76,0.0013520237571921882
85200,2,3.5579572557689166e-05
84231,108,0.0019212969181152148
84462,15,0.00026684679418266874
35922,7,0.00012452850395191207
47469,473,0.008414568909893488
21458,24,0.00042695487069226997
22220,6,0.00010673871767306749
85202,2332,0.04148578160226557
22408,5,8.894893139422291e-05
21643,4605,0.0819219658140793
23166,1,1.7789786278844583e-05
84033,23,0.0004091650844134254
20795,8,0.00014231829023075667
22259,3,5.3369358836533746e-05
22097,164,0.0029175249497305116
22248,94,0.0016722399102113907
21562,17,0.0003024263667403579
22053,12,0.00021347743534613499
37379A,6,0.00010673871767306749
35920,6,0.00010673871767306749
84801A,68,0.0012097054669614317
84592,6,0.00010673871767306749
21379,24,0.00042695487069226997
79192A,3,5.3369358836533746e-05
20756,9,0.00016010807650960126
22076,21,0.00037358551185573624
22125,5,8.894893139422291e-05
40046A,50,0.0008894893139422291
22944,11,0.00019568764906729042
71101E,348,0.006190845625037914
21457,2,3.5579572557689166e-05
85204,41,0.0007293812374326279
84632,1,1.7789786278844583e-05
21244,17,0.0003024263667403579
22597,18,0.0003202161530192025
22764,2,3.5579572557689166e-05
22040,25,0.00044474465697111456
21926,8,0.00014231829023075667
22028,48,0.0008539097413845399
35913B,37,0.0006582220923172495
85047,3,5.3369358836533746e-05
21476,2,3.5579572557689166e-05
37351,10,0.00017789786278844583
21332,8,0.00014231829023075667
35923,1703,0.03029600603287232
21344,706,0.012559589112864275
22249,38,0.0006760118785960941
84638,31,0.0005514833746441821
72821,11,0.00019568764906729042
22931,2,3.5579572557689166e-05
22709,275,0.0048921912266822595
90016B,42,0.0007471710237114725
84847,4,7.115914511537833e-05
20898,5,8.894893139422291e-05
22026,1,1.7789786278844583e-05
DCGS0069,1,1.7789786278844583e-05
20851,4,7.115914511537833e-05
84715,16,0.00028463658046151333
21394,18,0.0003202161530192025
20735,18,0.0003202161530192025
21124,316,0.005621572464114888
17028J,6,0.00010673871767306749
21792,13,0.00023126722162497955
62074B,16,0.00028463658046151333
22320,1,1.7789786278844583e-05
84688,6,0.00010673871767306749
84805A,70,0.0012452850395191209
22230,158,0.002810786232057444
17136A,407,0.007240443015489745
22025,41,0.0007293812374326279
21445,3,5.3369358836533746e-05
22698,1,1.7789786278844583e-05
84708B,62,0.0011029667492883641
22703,50,0.0008894893139422291
44089A,39,0.0006938016648749387
22038,25,0.00044474465697111456
21925,2,3.5579572557689166e-05
16010,12,0.00021347743534613499
21043,1,1.7789786278844583e-05
22030,299,0.00531914609737453
90098,8,0.00014231829023075667
22989,27,0.0004803242295288037
21164,48,0.0008539097413845399
84452,12,0.00021347743534613499
22990,1,1.7789786278844583e-05
37413,703,0.01250621975402774
20857,26,0.0004625344432499591
21459,4,7.115914511537833e-05
DCGSSBOY,47,0.0008361199551056953
DCGSSGIRL,47,0.0008361199551056953
35815P,162,0.0028819453771728224
21228,4,7.115914511537833e-05
21222,29,0.0005159038020864929
72812,1,1.7789786278844583e-05
79063D,425,0.007560659168508947
75172,89,0.001583290978817168
45013,3,5.3369358836533746e-05
71510,52,0.0009250688864999182
44265,2,3.5579572557689166e-05
21456,12,0.00021347743534613499
90064B,22,0.00039137529813458084
90063A,21,0.00037358551185573624
44236,5,8.894893139422291e-05
82095,68,0.0012097054669614317
84798B,34,0.0006048527334807158
84803A,20,0.00035579572557689165
90023,7,0.00012452850395191207
21399,10,0.00017789786278844583
21785,414,0.007364971519441658
21376,2,3.5579572557689166e-05
20762,1,1.7789786278844583e-05
85198,17,0.0003024263667403579
22980,3,5.3369358836533746e-05
23006,129,0.002294882429970951
22994,16,0.00028463658046151333
21633,3,5.3369358836533746e-05
22991,25,0.00044474465697111456
21898,4,7.115914511537833e-05
22993,24,0.00042695487069226997
22999,24,0.00042695487069226997
22978,6,0.00010673871767306749
22998,120,0.00213477435346135
22992,27,0.0004803242295288037
79062D,52,0.0009250688864999182
20837,7,0.00012452850395191207
47341A,72,0.00128086461207681
22351,1,1.7789786278844583e-05
22806,12,0.00021347743534613499
22974,1,1.7789786278844583e-05
22996,49,0.0008716995276633845
44092C,36,0.000640432306038405
85092,84,0.001494342047422945
84306,10,0.00017789786278844583
90065A,11,0.00019568764906729042
90026D,12,0.00021347743534613499
35638A,95,0.0016900296964902353
22997,1,1.7789786278844583e-05
84691,80,0.0014231829023075666
21736,26,0.0004625344432499591
22995,15,0.00026684679418266874
22868,2,3.5579572557689166e-05
84858C,186,0.0033089002478650926
21360,4,7.115914511537833e-05
21211,36,0.000640432306038405
84466,34,0.0006048527334807158
22216,20,0.00035579572557689165
90100,1,1.7789786278844583e-05
20894,97,0.0017256092690479243
72140E,31,0.0005514833746441821
10080,325,0.005781680540624489
17001,72,0.00128086461207681
71050,6,0.00010673871767306749
22715,49,0.0008716995276633845
21375,8,0.00014231829023075667
22936,31,0.0005514833746441821
22093,1,1.7789786278844583e-05
23182,1,1.7789786278844583e-05
23177,1,1.7789786278844583e-05
23193,7,0.00012452850395191207
22982,3,5.3369358836533746e-05
23126,1,1.7789786278844583e-05
16020C,84,0.001494342047422945
22979,2,3.5579572557689166e-05
90025D,11,0.00019568764906729042
23183,3,5.3369358836533746e-05
23179,4,7.115914511537833e-05
37423,78,0.0013876033297498774
23178,12,0.00021347743534613499
23180,1,1.7789786278844583e-05
20829,565,0.01005122924754719
23049,4,7.115914511537833e-05
23053,13,0.00023126722162497955
79026B,25,0.00044474465697111456
23185,9,0.00016010807650960126
23184,2,3.5579572557689166e-05
84631,27,0.0004803242295288037
gift_0001_10,9,0.00016010807650960126
84593,5,8.894893139422291e-05
16248B,13,0.00023126722162497955
21841,138,0.002454990506480552
21461,1,1.7789786278844583e-05
23176,2,3.5579572557689166e-05
23187,46,0.0008183301688268508
22981,1,1.7789786278844583e-05
23010,1,1.7789786278844583e-05
23007,3,5.3369358836533746e-05
23009,1,1.7789786278844583e-05
23004,100,0.0017789786278844583
23002,3,5.3369358836533746e-05
16202A,51,0.0009072791002210736
23008,3,5.3369358836533746e-05
20830,2,3.5579572557689166e-05
22517,2,3.5579572557689166e-05
21403,120,0.00213477435346135
23000,8,0.00014231829023075667
16259,20,0.00035579572557689165
22233,63,0.0011207565355672085
47013A,66,0.0011741258944037425
21689,7,0.00012452850395191207
90068,1,1.7789786278844583e-05
21695,1,1.7789786278844583e-05
23181,1,1.7789786278844583e-05
78033,38,0.0006760118785960941
84921,10,0.00017789786278844583
37488A,28,0.0004981140158076483
85030,12,0.00021347743534613499
84842,1,1.7789786278844583e-05
47344B,44,0.0007827505962691617
46126A,52,0.0009250688864999182
22935,2,3.5579572557689166e-05
84461,8,0.00014231829023075667
37330,6,0.00010673871767306749
21946,12,0.00021347743534613499
84920,24,0.00042695487069226997
85224,3,5.3369358836533746e-05
23077,1,1.7789786278844583e-05
21770,1,1.7789786278844583e-05
84548,60,0.001067387176730675
47593A,13,0.00023126722162497955
23159,79,0.001405393116028722
23155,24,0.00042695487069226997
23156,26,0.0004625344432499591
21378,3,5.3369358836533746e-05
21839,1,1.7789786278844583e-05
85028S,34,0.0006048527334807158
23154,27,0.0004803242295288037
20781,4,7.115914511537833e-05
22541,4,7.115914511537833e-05
21827,1,1.7789786278844583e-05
20821,2,3.5579572557689166e-05
22305,68,0.0012097054669614317
21402,1,1.7789786278844583e-05
84743C,1,1.7789786278844583e-05
21775,1,1.7789786278844583e-05
84686,127,0.002259302857413262
84576,66,0.0011741258944037425
21395,18,0.0003202161530192025
85208,36,0.000640432306038405
21626,137,0.0024372007202017078
20666,13,0.00023126722162497955
23254,3269,0.05815481134554294
21320,294,0.005230197165980307
79030G,1828,0.0325197293177279
37487B,68,0.0012097054669614317
S,1,1.7789786278844583e-05
23205,5944,0.10574248964145219
23199,40,0.0007115914511537833
21117,58,0.0010318076041729858
44242B,64,0.0011385463218460533
PADS,4,7.115914511537833e-05
23194,1,1.7789786278844583e-05
84731,2,3.5579572557689166e-05
23065,1,1.7789786278844583e-05
23003,88,0.0015655011925383234
23060,208,0.003700275545999673
23057,288,0.00512345844830724
23348,1,1.7789786278844583e-05
23051,2,3.5579572557689166e-05
23066,1,1.7789786278844583e-05
23068,29,0.0005159038020864929
23075,1,1.7789786278844583e-05
23153,1,1.7789786278844583e-05
23073,1,1.7789786278844583e-05
23078,293,0.005212407379701463
90135A,1,1.7789786278844583e-05
23146,7,0.00012452850395191207
23061,28,0.0004981140158076483
20823,8,0.00014231829023075667
23055,1,1.7789786278844583e-05
20997,2,3.5579572557689166e-05
23135,509,0.009055001215931892
23052,2,3.5579572557689166e-05
23071,2,3.5579572557689166e-05
23076,26,0.0004625344432499591
23056,1,1.7789786278844583e-05
23144,24,0.00042695487069226997
23136,3,5.3369358836533746e-05
23134,8,0.00014231829023075667
23145,48,0.0008539097413845399
23142,13,0.00023126722162497955
21319,3,5.3369358836533746e-05
84531B,2,3.5579572557689166e-05
23147,6,0.00010673871767306749
72024U,72,0.00128086461207681
23152,10,0.00017789786278844583
23148,14,0.00024905700790382414
23069,2,3.5579572557689166e-05
16244B,7,0.00012452850395191207
23131,72,0.00128086461207681
62097B,9,0.00016010807650960126
62043B,17,0.0003024263667403579
90021,1,1.7789786278844583e-05
23163,1,1.7789786278844583e-05
23284,1,1.7789786278844583e-05
48189,2,3.5579572557689166e-05
85017C,1,1.7789786278844583e-05
84016,25,0.00044474465697111456
DCGS0004,1,1.7789786278844583e-05
20838,36,0.000640432306038405
72811,2,3.5579572557689166e-05
23140,2,3.5579572557689166e-05
48185,7862,0.13986329972427608
20816,18,0.0003202161530192025
23048,59,0.0010495973904518304
23064,100,0.0017789786278844583
85225,5,8.894893139422291e-05
37471,16,0.00028463658046151333
37475,20,0.00035579572557689165
90096,1,1.7789786278844583e-05
21904,39,0.0006938016648749387
84629,20,0.00035579572557689165
23050,4,7.115914511537833e-05
22987,50,0.0008894893139422291
23150,8,0.00014231829023075667
84705C,12,0.00021347743534613499
85017B,658,0.011705679371479734
23067,54,0.0009606484590576074
21368,54,0.0009606484590576074
23041,8,0.00014231829023075667
23299,1,1.7789786278844583e-05
23298,10,0.00017789786278844583
23070,2,3.5579572557689166e-05
20676,707,0.01257737889914312
23040,2,3.5579572557689166e-05
22039,25,0.00044474465697111456
20964,2,3.5579572557689166e-05
23202,99461,1.769389933080161
23206,10,0.00017789786278844583
23209,100,0.0017789786278844583
22035,916,0.016295444231421638
23072,312,0.00555041331899951
20836,24,0.00042695487069226997
23149,27,0.0004803242295288037
23054,1,1.7789786278844583e-05
23282,2,3.5579572557689166e-05
23190,1,1.7789786278844583e-05
23046,80,0.0014231829023075666
21263,21,0.00037358551185573624
20831,84,0.001494342047422945
23175,15,0.00026684679418266874
23170,6,0.00010673871767306749
23081,1,1.7789786278844583e-05
21637,25,0.00044474465697111456
23084,38,0.0006760118785960941
23118,32,0.0005692731609230267
23096,1,1.7789786278844583e-05
23091,1,1.7789786278844583e-05
23094,2,3.5579572557689166e-05
23108,12,0.00021347743534613499
23080,5,8.894893139422291e-05
23171,4,7.115914511537833e-05
23191,1,1.7789786278844583e-05
23100,1,1.7789786278844583e-05
23082,8,0.00014231829023075667
16151A,49,0.0008716995276633845
23093,3,5.3369358836533746e-05
23280,2,3.5579572557689166e-05
23109,1,1.7789786278844583e-05
23103,10,0.00017789786278844583
23172,42,0.0007471710237114725
23079,21,0.00037358551185573624
23192,3,5.3369358836533746e-05
23167,96,0.0017078194827690799
23104,1,1.7789786278844583e-05
23169,28,0.0004981140158076483
23162,14,0.00024905700790382414
23151,12,0.00021347743534613499
23101,12,0.00021347743534613499
23165,11,0.00019568764906729042
23161,4,7.115914511537833e-05
23089,4,7.115914511537833e-05
23107,4,7.115914511537833e-05
23088,1,1.7789786278844583e-05
23106,2,3.5579572557689166e-05
23164,4,7.115914511537833e-05
23087,2,3.5579572557689166e-05
23281,2,3.5579572557689166e-05
23102,14,0.00024905700790382414
23083,3,5.3369358836533746e-05
23301,81,0.0014409726885864112
23090,48,0.0008539097413845399
23168,39,0.0006938016648749387
23092,9,0.00016010807650960126
23099,1,1.7789786278844583e-05
23160,2,3.5579572557689166e-05
23047,8,0.00014231829023075667
84922,2,3.5579572557689166e-05
84873A,2,3.5579572557689166e-05
23143,16,0.00028463658046151333
23137,43,0.000764960809990317
23157,12,0.00021347743534613499
23174,40,0.0007115914511537833
23130,14,0.00024905700790382414
23129,1,1.7789786278844583e-05
23086,7,0.00012452850395191207
23127,8,0.00014231829023075667
84984B,49,0.0008716995276633845
23173,19,0.00033800593929804706
23085,1,1.7789786278844583e-05
23128,1,1.7789786278844583e-05
21310,1,1.7789786278844583e-05
23044,66,0.0011741258944037425
23228,181,0.003219951316470869
23444,2,3.5579572557689166e-05
22932,6,0.00010673871767306749
84206C,37,0.0006582220923172495
23214,17,0.0003024263667403579
23210,12,0.00021347743534613499
23213,76,0.0013520237571921882
23211,15,0.00026684679418266874
23216,1,1.7789786278844583e-05
23275,26,0.0004625344432499591
23263,5754,0.10236243024847173
22304,17,0.0003024263667403579
23306,7,0.00012452850395191207
23273,3,5.3369358836533746e-05
23270,1,1.7789786278844583e-05
23274,8,0.00014231829023075667
22532,20,0.00035579572557689165
84816,1,1.7789786278844583e-05
21636,36,0.000640432306038405
23240,11,0.00019568764906729042
23238,12,0.00021347743534613499
23236,24,0.00042695487069226997
23241,3,5.3369358836533746e-05
23243,8,0.00014231829023075667
23247,3,5.3369358836533746e-05
23212,20,0.00035579572557689165
23237,61,0.0010851769630095195
22950,135,0.0024016211476440186
23239,6,0.00010673871767306749
23245,9,0.00016010807650960126
23235,55,0.000978438245336452
23244,14,0.00024905700790382414
23310,4,7.115914511537833e-05
23321,8,0.00014231829023075667
20667,1,1.7789786278844583e-05
84824,3,5.3369358836533746e-05
23242,18,0.0003202161530192025
16043,74,0.001316444184634499
23230,50,0.0008894893139422291
77079,1,1.7789786278844583e-05
23286,3,5.3369358836533746e-05
23338,1,1.7789786278844583e-05
23343,171,0.0030420534536824235
22596,24,0.00042695487069226997
23285,2,3.5579572557689166e-05
90029,1,1.7789786278844583e-05
23271,8,0.00014231829023075667
23292,4,7.115914511537833e-05
23289,2,3.5579572557689166e-05
23287,8,0.00014231829023075667
23188,1,1.7789786278844583e-05
23249,1,1.7789786278844583e-05
23012,53,0.0009428586727787628
23035,14,0.00024905700790382414
84551,14,0.00024905700790382414
23020,1,1.7789786278844583e-05
23028,100,0.0017789786278844583
20771,84,0.001494342047422945
23291,22,0.00039137529813458084
23290,2,3.5579572557689166e-05
23288,11,0.00019568764906729042
16254,6,0.00010673871767306749
23233,106,0.0018857173455575256
23022,49,0.0008716995276633845
23029,30,0.0005336935883653375
23123,12,0.00021347743534613499
23120,1,1.7789786278844583e-05
23124,2,3.5579572557689166e-05
23121,2,3.5579572557689166e-05
23039,6,0.00010673871767306749
23033,57,0.0010140178178941412
23122,1,1.7789786278844583e-05
20764,123,0.0021881437122978835
23014,96,0.0017078194827690799
23021,17,0.0003024263667403579
23005,18,0.0003202161530192025
84679,4,7.115914511537833e-05
20847,2,3.5579572557689166e-05
22598,216,0.0038425938362304296
23272,15,0.00026684679418266874
23036,12,0.00021347743534613499
23023,24,0.00042695487069226997
23232,25,0.00044474465697111456
23198,4,7.115914511537833e-05
23027,15,0.00026684679418266874
23031,63,0.0011207565355672085
23024,84,0.001494342047422945
23222,9,0.00016010807650960126
23032,132,0.002348251788807485
23197,4,7.115914511537833e-05
23125,1,1.7789786278844583e-05
23344,37,0.0006582220923172495
23315,3,5.3369358836533746e-05
23226,6,0.00010673871767306749
23196,3,5.3369358836533746e-05
23342,2,3.5579572557689166e-05
23229,8,0.00014231829023075667
23037,12,0.00021347743534613499
23026,173,0.0030776330262401123
23317,1,1.7789786278844583e-05
23221,13,0.00023126722162497955
23341,2,3.5579572557689166e-05
21082,6,0.00010673871767306749
21086,8718,0.15509135677896707
84746,1,1.7789786278844583e-05
23283,1,1.7789786278844583e-05
21819,20,0.00035579572557689165
23234,4,7.115914511537833e-05
23186,6,0.00010673871767306749
23318,9,0.00016010807650960126
23316,2,3.5579572557689166e-05
23220,3,5.3369358836533746e-05
81952B,567,0.010086808820104879
23320,1,1.7789786278844583e-05
21373,12,0.00021347743534613499
23574,1,1.7789786278844583e-05
21147,44,0.0007827505962691617
90049,2,3.5579572557689166e-05
23013,66,0.0011741258944037425
21145,10,0.00017789786278844583
23038,1,1.7789786278844583e-05
23322,7,0.00012452850395191207
23313,15,0.00026684679418266874
23296,20,0.00035579572557689165
81953B,39,0.0006938016648749387
23293,8,0.00014231829023075667
23252,72,0.00128086461207681
23255,24,0.00042695487069226997
23295,1,1.7789786278844583e-05
23319,24,0.00042695487069226997
23311,12,0.00021347743534613499
23294,5,8.894893139422291e-05
23253,3,5.3369358836533746e-05
21265,22,0.00039137529813458084
23314,98,0.001743399055326769
16162M,40,0.0007115914511537833
90127A,2,3.5579572557689166e-05
23250,10,0.00017789786278844583
21162,235,0.004180599775528477
23251,96,0.0017078194827690799
23312,3,5.3369358836533746e-05
22959,27,0.0004803242295288037
23158,1,1.7789786278844583e-05
35968,46,0.0008183301688268508
23550,31,0.0005514833746441821
23323,8,0.00014231829023075667
23297,1,1.7789786278844583e-05
23025,480,0.0085390974138454
35964,11,0.00019568764906729042
84402B,61,0.0010851769630095195
23015,4,7.115914511537833e-05
23549,54,0.0009606484590576074
20845,6,0.00010673871767306749
82583,49,0.0008716995276633845
82582,8189,0.14568055983745828
84732D,33,0.0005870629472018713
23224,3,5.3369358836533746e-05
23215,12,0.00021347743534613499
90169,2,3.5579572557689166e-05
84387A,11,0.00019568764906729042
23219,2,3.5579572557689166e-05
23218,3,5.3369358836533746e-05
23034,18,0.0003202161530192025
23223,13,0.00023126722162497955
21264,1,1.7789786278844583e-05
23346,1,1.7789786278844583e-05
23347,48,0.0008539097413845399
23019,4,7.115914511537833e-05
90072,6,0.00010673871767306749
23345,2,3.5579572557689166e-05
23217,48,0.0008539097413845399
23360,12071,0.21474051017193294
23359,1,1.7789786278844583e-05
23340,12,0.00021347743534613499
23373,10,0.00017789786278844583
23436,2,3.5579572557689166e-05
23354,2,3.5579572557689166e-05
22016,1,1.7789786278844583e-05
23189,1,1.7789786278844583e-05
23324,2,3.5579572557689166e-05
23332,2,3.5579572557689166e-05
23328,11,0.00019568764906729042
23327,4,7.115914511537833e-05
23336,1,1.7789786278844583e-05
23351,49,0.0008716995276633845
23334,4,7.115914511537833e-05
23326,58,0.0010318076041729858
23349,66,0.0011741258944037425
23325,6,0.00010673871767306749
23329,5,8.894893139422291e-05
35816P,78,0.0013876033297498774
B,3,5.3369358836533746e-05
23333,24,0.00042695487069226997
23339,1,1.7789786278844583e-05
23132,94,0.0016722399102113907
23357,2,3.5579572557689166e-05
23356,3,5.3369358836533746e-05
84201B,18,0.0003202161530192025
23355,7,0.00012452850395191207
23445,20,0.00035579572557689165
23439,49,0.0008716995276633845
23352,4,7.115914511537833e-05
23350,29,0.0005159038020864929
23431,10,0.00017789786278844583
23353,37,0.0006582220923172495
22591,23,0.0004091650844134254
90020,2,3.5579572557689166e-05
21126,228,0.004056071271576565
23330,4,7.115914511537833e-05
23437,13,0.00023126722162497955
23433,4,7.115914511537833e-05
23438,11,0.00019568764906729042
23432,12,0.00021347743534613499
23335,52,0.0009250688864999182
23331,15,0.00026684679418266874
23358,30,0.0005336935883653375
23138,1826,0.03248414974517021
23620,112,0.001992456063230593
23634,54,0.0009606484590576074
23396,6,0.00010673871767306749
23407,6,0.00010673871767306749
23427,14,0.00024905700790382414
23397,9,0.00016010807650960126
23377,19,0.00033800593929804706
23394,5,8.894893139422291e-05
23411,6,0.00010673871767306749
23398,3,5.3369358836533746e-05
23374,22,0.00039137529813458084
23414,2,3.5579572557689166e-05
23424,8,0.00014231829023075667
23378,12,0.00021347743534613499
23399,4,7.115914511537833e-05
23381,120,0.00213477435346135
23376,24,0.00042695487069226997
23426,1,1.7789786278844583e-05
23395,22,0.00039137529813458084
23412,4,7.115914511537833e-05
23392,2,3.5579572557689166e-05
23425,12,0.00021347743534613499
23225,33,0.0005870629472018713
23614,103,0.001832347986720992
23375,4,7.115914511537833e-05
23415,37,0.0006582220923172495
23413,1,1.7789786278844583e-05
23409,6,0.00010673871767306749
23640,34,0.0006048527334807158
23404,10,0.00017789786278844583
23417,1,1.7789786278844583e-05
23410,11,0.00019568764906729042
23403,5,8.894893139422291e-05
23559,5,8.894893139422291e-05
23408,6,0.00010673871767306749
23423,1,1.7789786278844583e-05
23401,126,0.002241513071134417
23551,174,0.003095422812518957
23421,2,3.5579572557689166e-05
23435,3,5.3369358836533746e-05
23418,1,1.7789786278844583e-05
23337,2,3.5579572557689166e-05
23391,2,3.5579572557689166e-05
23045,26,0.0004625344432499591
23390,4,7.115914511537833e-05
23389,4,7.115914511537833e-05
23074,1,1.7789786278844583e-05
23388,1,1.7789786278844583e-05
23419,28,0.0004981140158076483
23380,4,7.115914511537833e-05
23416,6,0.00010673871767306749
23400,2,3.5579572557689166e-05
23422,2,3.5579572557689166e-05
21810,156,0.002775206659499755
23607,50,0.0008894893139422291
23434,13,0.00023126722162497955
23058,32,0.0005692731609230267
23420,6,0.00010673871767306749
23402,11,0.00019568764906729042
23406,1,1.7789786278844583e-05
23113,2,3.5579572557689166e-05
85049B,1,1.7789786278844583e-05
85049g,4759,0.08466159290102138
23119,1,1.7789786278844583e-05
23379,30,0.0005336935883653375
23112,1,1.7789786278844583e-05
85185B,94,0.0016722399102113907
35598C,3,5.3369358836533746e-05
23393,4,7.115914511537833e-05
23110,12,0.00021347743534613499
23503,13,0.00023126722162497955
23371,17,0.0003024263667403579
23493,2,3.5579572557689166e-05
23520,67,0.0011919156806825869
23511,6,0.00010673871767306749
23510,4,7.115914511537833e-05
23513,4,7.115914511537833e-05
35598B,880,0.015655011925383232
84875D,11,0.00019568764906729042
23515,6,0.00010673871767306749
23042,56,0.0009962280316152966
20678,4,7.115914511537833e-05
22599,148,0.002632888369268998
23370,4,7.115914511537833e-05
23517,9,0.00016010807650960126
23512,1,1.7789786278844583e-05
23650,11,0.00019568764906729042
23518,24,0.00042695487069226997
90074,1,1.7789786278844583e-05
23405,147,0.0026150985829901537
23519,110,0.001956876490672904
23461,627,0.011154195996835554
23466,3,5.3369358836533746e-05
23469,3,5.3369358836533746e-05
23484,1,1.7789786278844583e-05
23117,3,5.3369358836533746e-05
23471,2,3.5579572557689166e-05
23470,5,8.894893139422291e-05
23524,51,0.0009072791002210736
23535,6499,0.11561582102621094
72816,2301,0.04093429822762138
23542,830,0.014765522611441003
23372,40,0.0007115914511537833
23545,75,0.0013342339709133436
23543,28,0.0004981140158076483
23268,192,0.0034156389655381598
23514,7,0.00012452850395191207
23264,7581,0.13486436977992078
23541,83,0.0014765522611441004
23528,209,0.003718065332278517
23500,3,5.3369358836533746e-05
23465,4,7.115914511537833e-05
23501,1,1.7789786278844583e-05
23526,87,0.0015477114062594785
23507,9,0.00016010807650960126
23502,11,0.00019568764906729042
23116,1,1.7789786278844583e-05
79157V,9,0.00016010807650960126
90189A,2,3.5579572557689166e-05
23540,76,0.0013520237571921882
23111,83,0.0014765522611441004
23509,9,0.00016010807650960126
23448,12,0.00021347743534613499
23505,42,0.0007471710237114725
23115,10,0.00017789786278844583
85115B,3,5.3369358836533746e-05
23504,50,0.0008894893139422291
90073,1,1.7789786278844583e-05
23382,1,1.7789786278844583e-05
23660,526,0.00935742758267225
23564,1,1.7789786278844583e-05
23516,65,0.0011563361081248977
72802A,54,0.0009606484590576074
23490,1,1.7789786278844583e-05
23453,1861,0.03310679226492977
72802B,1772,0.0315235012861126
23463,7,0.00012452850395191207
23446,144,0.00256172922415362
23467,6,0.00010673871767306749
23494,126,0.002241513071134417
23579,10,0.00017789786278844583
23506,3,5.3369358836533746e-05
90070,9,0.00016010807650960126
23702,4,7.115914511537833e-05
23558,146,0.002597308796711309
23480,8,0.00014231829023075667
23481,1,1.7789786278844583e-05
23489,6,0.00010673871767306749
23486,3,5.3369358836533746e-05
23473,76,0.0013520237571921882
23482,24,0.00042695487069226997
23479,2,3.5579572557689166e-05
23462,1,1.7789786278844583e-05
23499,50,0.0008894893139422291
23483,13,0.00023126722162497955
23468,20,0.00035579572557689165
23553,8,0.00014231829023075667
23485,1,1.7789786278844583e-05
23487,2,3.5579572557689166e-05
23556,6,0.00010673871767306749
23570,24,0.00042695487069226997
23569,2,3.5579572557689166e-05
23305,24,0.00042695487069226997
23447,144,0.00256172922415362
23460,5,8.894893139422291e-05
23491,2,3.5579572557689166e-05
23300,324,0.005763890754345645
23474,1,1.7789786278844583e-05
23566,5,8.894893139422291e-05
23492,13,0.00023126722162497955
23554,6,0.00010673871767306749
23582,13362,0.2377071242579213
23595,5,8.894893139422291e-05
22087,6,0.00010673871767306749
82613A,1,1.7789786278844583e-05
21578,16,0.00028463658046151333
22687,2,3.5579572557689166e-05
23568,9,0.00016010807650960126
22683,211,0.003753644904836207
21579,143,0.0025439394378747753
23302,1009,0.01794989435535418
82613c,55,0.000978438245336452
22689,1,1.7789786278844583e-05
23565,24,0.00042695487069226997
23472,7,0.00012452850395191207
23476,73,0.0012986543983556545
23114,1,1.7789786278844583e-05
35600A,1,1.7789786278844583e-05
21174,71,0.0012630748257979653
21172,3359,0.05975589211063895
23497,13,0.00023126722162497955
22686,4,7.115914511537833e-05
23303,36,0.000640432306038405
23495,1,1.7789786278844583e-05
23555,74,0.001316444184634499
23477,24,0.00042695487069226997
23508,68,0.0012097054669614317
22684,140,0.0024905700790382418
21192,96,0.0017078194827690799
46000U,10,0.00017789786278844583
23496,83,0.0014765522611441004
23544,53,0.0009428586727787628
47016,2,3.5579572557689166e-05
47503A,57,0.0010140178178941412
23691,50,0.0008894893139422291
23571,1,1.7789786278844583e-05
23133,34,0.0006048527334807158
22680,1,1.7789786278844583e-05
21191,490,0.008716995276633844
21640,839,0.014925630687950605
23475,4,7.115914511537833e-05
90069,2,3.5579572557689166e-05
21628,5,8.894893139422291e-05
85054,30,0.0005336935883653375
84465,1,1.7789786278844583e-05
23567,3,5.3369358836533746e-05
23681,1577,0.028054492961737905
23523,238,0.00423396913436501
79161A,2,3.5579572557689166e-05
23016,25,0.00044474465697111456
23695,110,0.001956876490672904
47503H,31,0.0005514833746441821
23598,679,0.012079264883335472
22685,1,1.7789786278844583e-05
35954,24,0.00042695487069226997
35953,1733,0.03082969962123766
23464,1,1.7789786278844583e-05
17191A,4,7.115914511537833e-05
23697,48,0.0008539097413845399
20765,57,0.0010140178178941412
23694,5,8.894893139422291e-05
17012F,14,0.00024905700790382414
22681,2,3.5579572557689166e-05
17012D,362,0.006439902632941738
90052,2,3.5579572557689166e-05
23442,12,0.00021347743534613499
23449,12,0.00021347743534613499
85019B,15,0.00026684679418266874
23018,24,0.00042695487069226997
23428,5,8.894893139422291e-05
23430,2,3.5579572557689166e-05
23429,8,0.00014231829023075667
85231G,1,1.7789786278844583e-05
85107,374,0.006653380068287873
85106,139,0.002472780292759397
20757,63,0.0011207565355672085
90075,5,8.894893139422291e-05
21937,50,0.0008894893139422291
21930,1693,0.03011810817008388
23440,144,0.00256172922415362
23498,84,0.001494342047422945
23557,57,0.0010140178178941412
23441,10,0.00017789786278844583
22682,10,0.00017789786278844583
23552,49,0.0008716995276633845
23576,32,0.0005692731609230267
23560,2,3.5579572557689166e-05
23575,4,7.115914511537833e-05
21816,55,0.000978438245336452
23578,16,0.00028463658046151333
23227,117,0.002081404994624816
23562,12,0.00021347743534613499
23561,50,0.0008894893139422291
23692,74,0.001316444184634499
85135C,48,0.0008539097413845399
23478,37,0.0006582220923172495
84876B,66,0.0011741258944037425
23141,48,0.0008539097413845399
90103,2,3.5579572557689166e-05
23843,80995,1.440883739655017
